0.8571550130633319,0.2653231953272126,0.6235267118239483,0.8383604541390233,0.9170167281004782,0.7305424225701476,0.31941098435264204,0.19345947147725906,0.18971650880563315,0.5625079114403962,-0.22345979376426464,0.6917067363201365,0.8931526936870375,0.34716148452202295,0.6965695616717155,0.8198398830199417,0.3276519865469256,0.42664298042050014,0.08251573774616605,0.48390277928970676,0.24173437247275897,0.13966829192323826,0.4420412215384743,0.27626807353214405
0.8508575247836072,0.24938052273196795,0.6888103734989002,0.9507227161813474,0.9014224686952067,0.07049762466064996,0.294272168616636,0.5289439745405655,0.28411767247685754,0.1779586138937829,-0.5339765546934153,0.45628594465592065,0.6474402258925274,0.45806848651109505,0.5817687528326824,0.8659941931566278,0.7907777911442362,0.8531950022007773,0.07982302039574334,0.491677699398001,0.2569704440009577,0.17132426082305416,0.8893040141488895,0.0629507618871115
0.8309241511978973,0.27570810784118577,0.7286364566175669,0.9328631110777617,0.920955084937608,0.08400914937105147,0.125385778333371,0.19336058704300713,0.5061155537216644,0.06662043222038208,-0.30148857072905444,0.6683469586253649,0.6965019182007359,0.488832960463509,0.5819447177552083,0.8554414053906336,0.7715742021043659,0.5498486173114233,0.010963381838871994,0.6948848546011536,0.2416064516443573,0.4309162949900318,0.6492375784923448,0.061947835998637096
0.8351818061411177,0.25079232518066286,0.7466116746540251,0.9286720298435753,0.36417334863189693,0.573960132031921,-0.240241948240831,0.5246883561970476,0.7671004428679399,0.07014773459129603,0.6843326341416053,0.5440912462677082,0.5836887617592424,0.486355464169578,0.5827253197080741,0.9952343020600009,0.32812695389759977,0.8247833981311755,0.14751047220065233,0.7096837998192657,0.16693919789095904,0.4315529399866442,0.9016927808487057,0.04865593530490126
0.8040840234033945,0.021880880180211282,0.6712029247347029,0.8615235703371064,0.362497268588701,0.573960132031921,0.11293806917234812,0.23603802619696526,0.8343948883821163,0.0640683434307727,0.8246326465341678,0.4336103221405797,0.9421843200442148,0.422451050184798,0.6123688048516389,0.9952652766766477,0.34129376425953667,0.7161341592559793,0.14751047220065233,0.714122012485814,0.09602066745975318,0.4315529399866442,0.8957920635703827,0.7401003102105315
0.7900931478061028,0.2568442835836608,0.6898477442820232,0.9297001228907189,0.5193057736193192,0.618566197631397,0.36346464448937754,0.19968784774120119,0.25746521095630304,0.4299398929015703,-0.3168089111043304,0.692826047339713,0.9437609490887363,0.413571667592176,0.5828789739342594,0.9718948953270155,0.034705861664694915,0.5371532522644059,0.0061920289516270155,0.8028303045507142,0.1348166996055114,0.3722887529761321,0.9089188386623394,0.07838598592389284
0.8082441117384086,0.25057781608002283,0.7326760273635496,0.9024158605208251,0.920955084937608,0.09751820067478514,0.5494533693634384,0.527350800237922,0.5207159940379043,0.06669949370950826,0.9572870528050051,0.6261303639838848,0.6965019182007359,0.488832960463509,0.7019937368718818,0.9833390209012924,0.7715742021043659,0.4651998754144854,0.11019346812611991,0.774710943090166,0.2855248572441085,0.3846766868530467,0.9347416049338539,0.061947835998637096
0.7802775147839403,0.2568442835836608,0.7681405146903664,0.9297001228907189,0.9120855095963161,0.06548368784351855,0.3723942372635479,0.18348620538382618,0.14214136716523867,0.1766857756545896,-0.3168089111043304,0.7418713449940124,0.9437609490887363,0.41365320202467165,0.8296854450430744,0.9541062522617646,0.07551998989209896,0.5499140456179926,0.04886630153029319,0.8028303045507142,0.1348166996055114,0.3735483291449386,0.9059791895492336,0.07838598592389284
0.8315337084131779,0.19365335139415174,0.7802371360773492,0.8542643941199423,0.8769807056259658,0.5679053511259938,0.2556231597921276,0.164019997156452,0.6064775275743697,0.10494766069019054,0.5629462082208965,0.6503030475172756,0.6947573422563402,0.5179887297443619,0.8181246525336491,0.8383998707827771,0.09772647844498344,0.5414364541079687,0.048888087764618914,0.7482934945298568,0.13620135245082746,0.4819033957153196,0.9039834823434777,0.0792393387309014
0.830807186219791,0.24768655159624522,0.7367856837663583,0.9328631110777617,0.8971635224274469,0.09916977389948486,0.5793786646870156,0.19336058704300713,0.4896024368716452,0.03364446696470533,-0.2724829713255794,0.5848235860973594,0.6375302177747646,0.488832960463509,0.8543044424651536,0.9494844606953039,0.04000245946795572,0.5398291460774103,0.010963381838871994,0.6944576436793706,0.027653899520422395,0.45402981638378226,0.9106722235165395,0.06264044551512839
0.830807186219791,0.24768655159624522,0.7367856837663583,0.9373239256919859,0.8979323752019698,0.1354283790958026,0.5793786646870156,0.1925075512323854,0.4886715076759564,0.07780754849096552,-0.3049506015330834,0.5848235860973594,0.635710455984508,0.49148988743638233,0.8543044424651536,0.9818240330701469,0.0401192450509702,0.5405702293133852,0.03251197593289579,0.8216954548705553,0.0538443262727316,0.45402981638378226,0.936296936296367,0.06264044551512839
0.8082441117384086,0.25057781608002283,0.7561945092709437,0.9024158605208251,0.920955084937608,0.03598089473281893,0.27993961808372836,0.527350800237922,0.5207159940379043,0.07953381244972021,0.9743538660208216,0.626092741995879,0.6912879921652411,0.44786889592726997,0.7019937368718818,0.9833390209012924,0.8688853546611552,0.5473743046370149,0.0322101296839601,0.774710943090166,0.282212700744551,0.3846766868530467,0.9353317980919563,0.061947835998637096
0.8140070403172939,0.0708096322877427,0.7116437191683354,0.7685593809512774,0.9229725709222092,0.045022409895345034,0.5770836888465034,0.15077354331790424,0.17944071125834943,0.06242069988416139,-0.8830986876630773,0.6699900630551873,0.464464225990465,0.44663546551276123,0.6369406190497157,0.959461331570435,0.27359750494390056,0.5333372711706719,0.0061920289516270155,0.5082384258141082,0.033979716630696766,0.3467427525351485,0.8942893437941701,0.04757468195756809
0.8082441117384086,0.2242280365481364,0.8600677349132487,0.718446138807295,0.7289363310145923,0.09751820067478514,0.5627008054028628,0.5108355717840534,0.5356207485153188,0.07953381244972021,0.9293994801049914,0.6245607799581651,0.6965019182007359,0.6391290265676935,0.694069772611953,0.9575070878415678,0.7847376044401315,0.5471505590589206,0.1110510590519952,0.774710943090166,0.058912260239354364,0.31248945868259564,0.9090929535657317,0.050172594714795904
0.8774653007915952,0.1116828554859097,0.7864034022468751,0.9167015385896709,0.9917568110339225,0.059886261688387996,0.414533237450918,0.151600730709926,0.3946988627404015,0.15566933880030462,-0.5229043666725808,0.6895605600441919,0.4759548311291775,0.6243567170285926,0.8735140010153466,0.9687254805254226,0.05428459921562398,0.5576961934919722,0.004633223913367759,0.7298349744350173,0.19332613746929905,0.48372554118416433,0.9109237222635389,0.04797798550055294
0.808171939121355,0.1923306262525443,0.7326760273635496,0.7068884237382371,0.9037394933038706,0.06643824526232842,0.2998866867709351,0.525216592392384,0.5148592462841897,0.06660427508666071,0.9572870528050051,0.4579352177838064,0.599913872254946,0.4887384372240985,0.5819447177552083,0.8732677283890334,0.8493885818608772,0.5371214469867166,0.00555935331082677,0.7003842591313684,0.23273871822969314,0.4404223860542201,0.5969121034755197,0.062291794185027664
0.8351818061411177,0.25079232518066286,0.7466116746540251,0.9286720298435753,0.36417334863189693,0.573960132031921,-0.240241948240831,0.5198481494122854,0.7671004428679399,0.07014773459129603,0.6843326341416053,0.5440912462677082,0.5836887617592424,0.4860228296680832,0.5827253197080741,0.9952343020600009,0.5890211314949083,0.8247833981311755,0.14751047220065233,0.7096837998192657,0.22178134410787892,0.4315529399866442,0.9016927808487057,0.04865593530490126
0.8223201105291903,0.174074224777248,0.7990328878180929,0.8194098373611864,0.5238250642906055,0.07046272751072921,0.7378220146276944,0.16381660938303835,0.029737951727919695,0.5287316884081039,-0.5252928620047281,0.6664216041834581,0.6600150725677474,0.7266304480104943,0.8896760809349422,0.9493342372612397,0.03410772293069478,0.9125518409149728,0.007114416771146403,0.6638562575858032,0.05805721943442026,0.3267456404509274,0.9070616042665864,0.04710680603495354
0.7802775147839403,0.2568442835836608,0.7681405146903664,0.7776151546605264,0.9104189399691781,0.06548368784351855,0.37050743199927516,0.1843912728220462,0.14214136716523867,0.1766857756545896,-0.3168089111043304,0.7418713449940124,0.9437609490887363,0.4552552204356804,0.7487050384650765,0.9541062522617646,0.07551998989209896,0.5499140456179926,0.04886630153029319,0.8178062779659988,0.0008071318114035858,0.3735483291449386,0.9059791895492336,0.07836799442823938
0.8097717308100786,0.2242280365481364,0.4957427733299075,0.9030275120629514,0.9221724828731531,0.09751820067478514,0.5672369223977409,0.530035049134696,0.5290092936415074,0.07953381244972021,0.8805222978834158,0.6245607799581651,0.4203291836737014,0.8603292835808181,0.694069772611953,0.9838147911885209,0.7980085241869861,0.5475805241342041,0.1100924356387376,0.7426200999510045,0.2931082302990774,0.3846766868530467,0.9633918313953358,0.030437196051422782
0.8040840234033945,0.021880880180211282,0.6712029247347029,0.8617802164001852,0.362497268588701,0.03576388961803356,0.11293806917234812,0.23603802619696526,0.866744985854186,0.0640683434307727,0.8145595788712106,0.4336103221405797,0.9421843200442148,0.422451050184798,0.6123688048516389,0.9952652766766477,0.05517733473188108,0.7161341592559793,0.027816159477265817,0.714122012485814,0.09535960190109201,0.4283214764868222,0.8957920635703827,0.7401003102105315
0.8308069137048454,0.24859082894246454,0.9439889323681456,0.9328352644675036,0.8388788771853626,0.08208403123559206,0.5827547153272884,0.2365598674914392,0.8635260552886393,0.5044317782907711,-0.3791816260440962,0.5935013804785517,0.7608319457069234,0.8525953817522314,0.8512306693207923,0.9834604331360108,0.6828499894964063,0.934366021516106,0.10333047471814255,0.7976590566531855,0.09639449875187243,0.41298413087424196,0.927280305398151,0.048333990860929356
0.852301984834628,0.2242280365481364,-0.2691609082755901,0.9482716652467356,0.800387701144408,0.19538962088202838,0.7615208114475159,0.13791441816311664,0.5414805796841675,0.07939794936426736,0.9275232127808342,0.6245607799581651,0.7016833453042746,0.7739556015807553,0.7064369645018896,0.9828928262690577,0.7871370695602427,0.9183907312991166,0.043988382327957314,0.7767049941216841,0.1803130888523986,0.6365806714552098,0.9090903889456636,0.061947835998637096
0.8796079443138802,0.2617576657689076,0.6795680760727785,0.9238078610755288,0.9137097425159165,0.06800211242944743,0.25583128004508326,0.15229590174984758,0.6833546572037936,0.1515744899509083,0.9393194154363327,0.6491795601891766,0.5793996397376393,0.6243567170285926,0.5893436181173337,0.9547352195602699,0.022982518939666338,0.8610150281337317,0.04765049854032884,0.6995019367855819,0.22136894995980272,0.4277345424619739,0.9053529002509076,0.04792981410211146
0.8785967332257664,0.25790552636413216,0.6789953091709999,0.9026336456254116,0.9155193677774406,0.7355798467547706,0.3166090535018372,0.1918362677614577,0.6833546572037936,0.1515744899509083,0.953114294344094,0.7075819649879402,0.6395909558286917,0.6243567170285926,0.8429609037556838,0.9547352195602699,0.022982518939666338,0.8614270273324309,0.004707252871636758,0.7728017603627709,0.17479122213393528,0.3503935944115809,0.9053529002509076,0.04784834982401976
0.8305460262534132,0.27570810784118577,0.7369776367906331,0.9014246374862811,0.9781396660379466,0.1377096185727514,0.5412117644866421,0.19336058704300713,0.5074297196676169,0.057456518571091714,-0.26723016028720614,0.685958859084802,0.6965036327009033,0.7169986516334926,0.8285404807553727,0.8927274468335569,0.7715742021043659,0.5507573284379563,0.010966512116694003,0.7568284499039956,0.2854147182606265,0.4540247590588256,0.9106722235165395,0.036253868762057856
0.8291718215485603,0.06966107432763717,0.9433053092820415,0.9494719695938905,0.8134412643153391,0.08222449454688892,0.3387935838710709,0.3024761227511045,0.32039482207865333,0.5277357651151929,-0.3524461379481942,0.7017148706085272,0.5993020468082285,0.7013960191146056,0.9434236805415686,0.9704550482964162,0.05988730473225327,0.9201276225656665,0.011730636109867671,0.8023821435050105,0.04702504423551133,0.26938887351359503,0.9125441037335924,0.050061140636066516
0.3850930732309159,0.2246451041944893,-0.2435643779309587,0.48926696526724245,0.9450266281719584,0.08546900638426769,0.6317629008419197,0.4737127913316008,0.7669397788477863,0.05557755887912582,0.5669987743988572,0.5464901810770585,0.47890655841926855,0.4451752273020764,0.4788667798245396,0.9566060508913976,0.0023628528562794557,0.5381498408299799,0.0009027963846688879,0.6692881835512755,0.07172307076113682,0.5499248287266421,0.8930879238266153,0.06077357489187528
0.830807186219791,0.24768655159624522,0.7367856837663583,0.9328631110777617,0.8971635224274469,0.09916977389948486,0.5793786646870156,0.19228641763792081,0.8680395718501133,0.5070248916373427,-0.3349330943962592,0.5850882618614889,0.6375302177747646,0.4937275784510968,0.9662872380188214,0.9494844606953039,0.04000245946795572,0.5398291460774103,0.010963381838871994,0.7722073472613112,0.027653899520422395,0.45402981638378226,0.9106722235165395,0.06264044551512839
0.8063534311163668,0.06816362273525685,0.7707643876922303,0.7776102073581332,0.8895816021069054,0.17843705699239096,0.3159442763095694,0.16381798394850783,0.15155687909954796,0.4541294196371163,-0.3524461379481942,0.7017148706085272,0.6011766185168147,0.5804192340855394,0.8163103396973711,0.9493234861582813,0.007547236852353098,0.8608404941263043,0.003680044476016223,0.6649616853580087,0.04723600712341101,0.411304706345964,0.8958615007829137,0.04771357990416812
0.8218194558285309,0.174074224777248,0.7889805946532769,0.8194098373611864,0.5238250642906055,0.06975251200800689,0.7378220146276944,0.20490868740100882,0.6788164367498073,0.5287316884081039,-0.994336930837365,0.5361927952896544,0.6600150725677474,0.7246382257269897,0.8896760809349422,0.9503704373302883,0.03410772293069478,0.9120981398184123,0.007232099967086087,0.8032124150104153,0.05928291809724054,0.3267456404509274,0.9685500477759719,0.04711756293672727
0.8096612845156925,0.17508840326548006,0.9412688449614396,0.9333676590585225,0.5982574497198893,0.12925757095437884,0.6197837353153118,0.23436617465174958,0.8428062517384554,0.5597645331067389,-0.6238569924407239,0.6334666054022479,0.5936393153036283,0.8615091852265231,0.9438529127827388,0.971125114677038,0.008117510274574588,0.9173766810111004,0.003842217614787463,0.7901784736028618,0.04514001221916595,0.378927040085271,0.9644807908197686,0.04785277070542981
0.8095224117319252,0.26234115935073965,0.7681405146903664,0.9329903432722765,0.7822226644826875,0.06550183701909647,0.611943344652355,0.19968784774120119,0.14214136716523867,0.43432858960200926,-0.3168089111043304,0.692826047339713,0.9437609490887363,0.44744104279769603,0.8301580476799314,0.980771554519971,0.034705861664694915,0.47310683733247694,0.00714012813890918,0.8028303045507142,0.13277225784283414,0.3722887529761321,0.909887407246936,0.07885788915374367
0.7695044916969178,0.04907887478386275,0.7870631061087032,0.8262351385396255,0.7921104793580789,0.033380600096779414,0.5672651244290696,0.052243786206580885,-0.05559990164023901,0.06461605663731337,-0.5727262185046312,0.592918498111074,0.5005652239867062,0.664094545538067,0.9363549319857405,0.979538584739457,0.04277978487806544,0.5225611134757966,0.06929558743894602,0.7371814826387917,0.020147715500275748,0.30001071210286623,0.9065234462998055,0.04793715405021541
0.8097717308100786,0.2242280365481364,0.4959237855834636,0.9030275120629514,0.9221724828731531,0.09751820067478514,0.5672369223977409,0.530035049134696,0.5290092936415074,0.07048878119810437,0.8805222978834158,0.6360737548843151,0.4203291836737014,0.8603125848241161,0.8916923415247768,0.9838147911885209,0.7980085241869861,0.5165533331609835,0.08277270375140744,0.7444238831634172,0.3152269349653739,0.3846766868530467,0.9660820825212392,0.03035064442229093
0.8082041663224672,0.22441896425383956,0.4957427733299075,0.9048440130417652,0.9349748278670049,0.09773924209532195,0.5915398818233876,0.524729660369688,0.5290092936415074,0.07272382277621353,0.8916781631359144,0.6486538618602667,0.4195825362122189,0.49505746625582325,0.6830356776421217,0.9838147911885209,0.005885079271576878,0.5475805241342041,0.00640321586109956,0.6750823035712065,0.28807178335591027,0.3846766868530467,0.9003881375878235,0.02947208293589747
0.7740339197824688,0.047084905428361495,0.7969327266642736,0.8262351385396255,0.7921104793580789,0.054072439420510564,0.2415394683585913,0.05270286000612473,0.14906469468819772,0.4612597607149601,-0.5460911472449794,0.6276661299111771,0.6315846223685286,0.7572745746450301,0.9435518157215662,0.979538584739457,0.002878619904937558,0.5148993979607366,0.0688968535464394,0.7379768533021072,0.012580379093682457,0.3494029101908129,0.897321044055675,0.04971563536503491
0.8054680160592832,0.174074224777248,0.796936413298562,0.8134223754555439,0.519848755553465,0.07158937002298366,0.7378220146276944,0.287507478115238,0.028607118835160816,0.3779042637353327,-0.5279479527970049,0.6615033358001908,0.7094557153658859,0.5902106907515015,0.6362128611806454,0.9611647455663651,0.0250964267649798,0.5388678839109318,0.009334997428825868,0.6685589689587006,0.04213435538419772,0.31096515479062725,0.9680177839076887,0.047035467623048305
0.7740339197824688,0.05026710510205791,0.7973525240564237,0.9079027387640988,0.7975589492261308,0.05413970817154269,0.2415394683585913,0.1042389245216438,0.14905446718786625,0.4888830114331186,-0.5460911472449794,0.628340402437733,0.6278907089267444,0.8609654653369685,0.9423638381040406,0.977865666401438,0.00656424731762539,0.5216487420178119,0.004570560195564025,0.7358086026701605,0.008500932517501093,0.31952092987943254,0.8973020009399184,0.048219935672623435
0.7763510956798028,0.17251962345111227,0.9652040349060534,0.8194098373611864,0.5285084060322031,0.06814014717715382,0.7424336497050631,0.20490868740100882,-0.025847517145333232,0.5303140668050541,-0.5251307531137767,0.6666011799836958,0.6600150725677474,0.7710684981799778,0.9187350103086308,0.9753972907941061,0.00432680331355992,0.9131051860210905,0.024404123347701718,0.8048370454730234,0.0037213062706984296,0.3399369697301198,0.9049863907614787,0.04795801952325859
0.80658975128434,0.2522682086697908,0.7342952338038854,0.8597095482569105,0.6055699203249086,0.02040622464004965,0.29300498685726883,0.23301152416487267,0.5285656387497619,0.07987692487081259,0.9576719546217294,0.6412753991814579,0.6878072745066208,0.44820252096352153,0.7511501646269632,0.9756756904804473,0.7910592566279606,0.5302611064067377,0.0059975600204110815,0.8452372225441602,0.2195046162478044,0.3396086528530018,0.9353341943709715,0.060788155893165885
0.8219773761083874,0.19354088171927225,0.7706483238945794,0.9106673071934778,0.5211935778305825,0.09253151459924475,0.2556231597921276,0.164019997156452,0.603453003206463,0.10494766069019054,0.5492441350443042,0.6501592577033078,0.7006420297936229,0.5146481831168976,0.8137309153902016,0.9782498289312528,0.09249719166896737,0.5033389357449269,0.005874374591072547,0.680423684575045,0.004987499846760647,0.4819033957153196,0.9133394584600576,0.07818604956589503
0.8218194558285309,0.174074224777248,0.7904060884944504,0.8194098373611864,0.5238250642906055,0.07120595212336704,0.7378220146276944,0.16456858029785526,0.6734019182523583,0.09843887583530736,-0.5450559493895536,0.7039839166357902,0.6600150725677474,0.8779528216070427,0.8896760809349422,0.9505274541978228,0.03410772293069478,0.9120981398184123,0.006963180704576155,0.8047471119184331,0.003798132366735568,0.3267456404509274,0.9006330997437078,0.04796272379463171
0.8931131161080272,0.10464102463111834,0.9834223110936625,0.9919356379886887,0.7693100355777934,0.05327118243502034,0.714063135373097,0.5163848479081378,0.9008996384690557,0.534819418651827,-0.34070442025522346,0.7272152766882894,0.4722103686335441,0.8027145795190878,0.9276837156117796,0.9906935622597599,0.002032149951281413,0.9221687361798623,0.01515994003104038,0.7910539478061182,0.001157214457812963,0.3243581931767112,0.994247886723153,0.04794677402666203
0.8419554066149898,0.2060113828094498,0.9207009753580508,0.9564643904119242,0.4811379962542662,0.0354386020491248,0.6411974317702053,0.37968702582717845,0.8894302990129747,0.4895062399123524,-0.562411902115793,0.6294138144188757,0.4947979667282907,0.8617721499909548,0.9005134418629167,0.9789816257655527,0.26928007093678064,0.9923361534544652,0.0035892286994657356,0.7333574334802635,0.03628378563379002,0.32352191003236197,0.9052630603901632,0.04962764145763463
0.8399222614103833,0.11269902424793042,0.9167534919227777,0.9808550935688267,0.6695816909608516,0.055943611952275644,0.6429638147714628,0.390427674795051,0.7369796822577293,0.20112940945441304,-0.626469053460768,0.5006651508025486,0.4514245096054578,0.5788890556792634,0.943718751423629,0.9801026962022472,0.0011165059026573554,0.5514981156713056,0.006958977471943904,0.7910539478061182,0.004159383386191809,0.3008541766754661,0.9015932192223156,0.04793022181749438
0.8050143770463274,0.06582630942196181,0.9417855796998025,0.7074100826009827,0.8950663459283117,0.054704869429543675,0.6639383619283297,0.3383937612135127,0.4957227699817781,0.25674144867023446,-0.3579196554549444,0.6901358047583729,0.5949903752168615,0.8605928901326524,0.9432081375460248,0.9718833705483261,0.003226978836495871,0.904433798428857,0.00393835720972647,0.7635541834172873,0.0006467996482807555,0.44369613653511586,0.9978462723020284,0.04799725617814591
0.8374122479959474,0.1451412625818871,0.9353026639377076,0.713987780765422,0.5722143776045254,0.042011548997106754,0.357728295056781,0.42525678182461846,0.8115757883239315,0.23150302567167902,-0.5751580662668607,0.5369846660318182,0.475639066378155,0.7704671197235198,0.6895814022024304,0.9288831015234019,0.2671306880290087,0.5015936585078542,0.04753697326293689,0.7650034014914316,0.039953671501132784,0.322636397462987,0.9599892154450397,0.04747549529812049
0.8097901818617201,0.17508840326548006,0.7129251389826244,0.9079261667261542,0.5235701980550267,0.08694847276627056,0.6092162704897579,0.24583232108662603,0.3056552822017147,0.48232334724293496,-0.6115262612696802,0.6279395331613146,0.584264579122782,0.8548430879204496,0.8763920625028442,0.9708548420812343,0.0015189102296167471,0.9778750406737715,0.003560706553349071,0.7200411643402763,0.0015980030129118883,0.40505161465898076,0.9155447436048061,0.04617502499522031
0.8441190332536114,0.11269902424793042,0.743662714308646,0.9157736522445636,0.6560440441730684,0.03396564422530676,0.6450330494482772,0.20988471772254508,0.7331382331568113,0.08327949719234642,-0.7673158924966931,0.6474230757972756,0.4510664703579209,0.49257387252055723,0.7585275529465781,0.969564565419416,0.002407691610543888,0.6027251419020422,0.003226836271525843,0.7604789167453958,0.0003022583476856584,0.1561641984070702,0.8989185339525702,0.047523280658769464
0.8475964692413884,0.18723551021321483,0.9027492291703593,0.9487171315154133,0.5788557347275681,0.11653802287248083,0.6152728400504548,0.25121547650894177,0.16631522348648775,0.37558922293117597,-0.5462988764541747,0.620649903149659,0.5964497259986444,0.9675797522365573,0.8609733627831281,0.9728977157707016,0.006624821043675407,0.5893255518993246,0.0038122462981285314,0.7805524439117641,0.0033098883245998557,0.3259758776502505,0.928663003677132,0.03428071247045018
0.7763846272318831,0.04884600075204752,0.9359663255792822,0.8245479742329392,0.6320662188137428,0.036557475037920305,0.606684280323341,0.10536360424898017,0.14746557378607492,0.05357751019178253,-0.626927208964128,0.5987405008618105,0.5968024140191347,0.8571823720007776,0.9332647228435281,0.9695810508838208,0.0013953778501110715,0.5024713268707273,5.019541269601479e-05,0.6974294672932071,0.003355080029730511,0.2741791227920413,0.8973089719629739,0.045903818555959826
0.8435410774805077,0.10939702822302992,0.743662714308646,0.9323028016491406,0.6606101025667688,0.03396564422530676,0.6450330494482772,0.20988471772254508,0.7331382331568113,0.08327949719234642,-0.7102992392158914,0.6474230757972756,0.4510664703579209,0.49257387252055723,0.7585275529465781,0.969564565419416,0.02311258147631031,0.6027251419020422,0.0006362530173067782,0.7605019625120183,0.0003022583476856584,0.1561641984070702,0.8989185339525702,0.047314207788892323
0.810936148820909,0.18072329048330182,0.9098295212807235,0.8124833460127643,0.5263247964127675,0.06877692516745344,0.7378220146276944,0.2723631588597233,0.11026254198117065,0.45184155150136696,-0.5967312129456473,0.6615033358001908,0.7095803070481853,0.6005410356405172,0.9556525469615264,0.959963136408339,0.025179257447425947,0.4875592296243163,0.003664456980303689,0.7540575324271706,0.04213435538419772,0.3741264581749085,0.9680177839076887,0.04707364093970386
0.8295286198781333,0.11634771092415828,0.7423686361215944,0.9157736522445636,0.6560440441730684,0.03396564422530676,0.6450330494482772,0.3718098131625222,0.725605496625837,0.09141661157412229,-0.9169909973893774,0.6720730969965822,0.4510664703579209,0.4906276135652299,0.7585275529465781,0.9696110137517805,0.002407691610543888,0.630601112930877,0.003226836271525843,0.7604789167453958,0.002430518745203592,0.1561641984070702,0.8989185339525702,0.0475385643476185
0.8435410774805077,0.10939702822302992,0.7402286571452567,0.9323028016491406,0.6606101025667688,0.05123811887308216,0.6450330494482772,0.2667157901432829,0.7347541817727189,0.08327949719234642,-0.7102992392158914,0.6476432038542524,0.4510664703579209,0.49257387252055723,0.7545784064915243,0.969560001029579,0.010382411972270918,0.6027251419020422,0.0006362530173067782,0.7522390644649183,0.0003022583476856584,0.1675749343512813,0.8989185339525702,0.047314207788892323
0.7608032219732104,0.04887845596795561,0.9568085153283142,0.8292295127173782,0.8743095273214703,0.1563134438977614,0.3555277125444756,0.10567685965354881,0.14744406260198503,0.22688103277706662,-0.6269051461885992,0.5983523663406022,0.5814250909117815,0.9174963288733811,0.9345130352766648,0.9692502089868418,0.0012858890698199538,0.4925932688891794,0.00044910394172951833,0.7236148717457015,0.0033728382450185575,0.45542410489012314,0.8974145616364794,0.04795772213386582
0.760392259522406,0.18723551021321483,0.8314889337331981,0.7925022024573283,0.4763109616765271,0.06011175039248963,0.6199603271776455,0.3641104849541211,0.17998099367787507,0.4950748102667425,-0.9508831149669253,0.6421871610924014,0.6084769069783502,0.5271706228700964,0.8961452777107699,0.971017937538139,0.0003364371221359179,0.579236123304539,0.003210843912306941,0.6618451753596933,0.0036561990679760104,0.4073645986462743,0.9480693846238223,0.03494732425022114
0.8192924056240352,0.0454214559158958,0.9156100908722599,0.789488222161769,0.732870872608863,0.03814778462809643,0.618405782373188,0.29426577053509817,0.20732464796553687,0.05744569189972784,-0.563352730825996,0.6658855628432917,0.5906300935460763,0.9793780291692606,0.917098349832967,0.9283536574603896,0.006749343609465254,0.7985538954271791,0.00438587309745133,0.7733601960944558,0.004137828776228172,0.28489613062646546,0.8849705778330033,0.05227776223395241
0.8049749656420233,0.06763482476305521,0.9489360629727533,0.7027811185445405,0.8950663459283117,0.054704869429543675,0.6639383619283297,0.23636202835147013,0.5014644571866687,0.25905970073343076,-0.3579196554549444,0.6901358047583729,0.4149166659004553,0.9179086461638012,0.8947060323936884,0.9718833705483261,0.003226978836495871,0.9295017436369959,0.00393835720972647,0.7580404264283788,0.0006467996482807555,0.44369613653511586,0.9978462723020284,0.04793771422437229
0.7383413560888179,0.1975212022824186,0.9206123906208591,0.9328262006053579,0.9268786116161969,0.0815621140111249,0.6255124552062102,0.06558025114019797,0.03973073687764683,0.1606490917879523,-0.25362373952950756,0.6303996206578514,0.6655657513001301,0.8436168031550275,0.8953548599858189,0.9599781631849971,0.00010493326277457617,0.9208598919341453,0.003577131286978572,0.7192713996606412,7.970474226223033e-05,0.39687610071454704,0.9404658203107258,0.03221462892583265
0.738821316300063,0.1975212022824186,0.9415516038518628,0.8848100113281958,0.9292485523365263,0.16171343915016384,0.3575761160478642,0.0667571578162219,0.03973073687764683,0.1606490917879523,-0.25362373952950756,0.6293831309119904,0.6655657513001301,0.8369383207161125,0.9330916914737658,0.993833091675447,0.0027946980445008925,0.9208598919341453,0.003577131286978572,0.8856232095988754,0.04739970028115166,0.3975715475666713,0.9658258590125554,0.0470602429901675
0.8365140585672882,0.24998162052264142,0.9383188790417053,0.9547986165577252,0.9048423595954017,0.14472033482371868,0.4008606631519611,0.23561930310106138,0.4730991383612344,0.24840095549313376,-0.987287228496829,0.6348105962396917,0.6062837155278861,0.9830960297019121,0.8696963490434642,0.971826150626557,0.003258572408893605,0.9349674086441232,0.0921013064902842,0.7779706962378511,0.006226147415560206,0.4054616635709179,0.9758785683997906,0.04171686724130425
0.7832694403728198,0.1725314805840635,0.92807551964122,0.9519614088386606,0.5240466305261684,0.06446760029442401,0.7432731748422605,0.404495340657002,0.011075163353084616,0.07126240489511085,-0.6558975101657678,0.6642098864831623,0.6069172297538364,0.9452355237508779,0.8891170805230572,0.9807041239538307,0.02331086910462711,0.9680063536290283,0.0009950530795662129,0.8032124150104153,0.013835994177499138,0.4009264584873191,0.9613063378956124,0.047846250976389386
0.8074274973821575,0.14556788498439008,0.9104689269478403,0.7839434648896957,0.522846203964986,0.07082197688329124,0.7432731748422605,0.1952083039180428,0.008071788892919374,0.13197087426933501,-0.4252328035819921,0.6453931702983376,0.6705014406449095,0.9283696928080931,0.8853795435404228,0.9713859581312588,0.027731066049560688,0.9120981398184123,0.0032953318967681466,0.8440593961056836,0.002723471930890364,0.3868258431791968,0.9585350474164975,0.047844990485777915
0.8080453577549629,0.17139519535661485,0.800923204407158,0.9629433760597618,0.514651969422272,0.05273378961299193,0.7478923945884399,0.32097637895922004,0.941260978247118,0.1611790729310524,-0.3659911445162728,0.6522064820041802,0.7552729845615972,0.9837647158679416,0.8896760809349422,0.9793144961241722,0.003771672657010468,0.6142982218220058,0.0028517856759758074,0.7914263842603766,0.00030922641342730987,0.34043847002904293,0.9071041982071346,0.04785350327277626
0.8093713482728419,0.0730141377374284,0.9354092283170766,0.9093078546376925,0.9257958377837345,0.039151379848295226,0.6145284457337556,0.25468575392132425,0.47467845726257996,0.20493277877616875,-0.3579196554549444,0.6519639081547319,0.5591689766166339,0.9644061528854924,0.8964408769274019,0.9728064135343599,0.0006089070990853642,0.9708609172901392,9.895221021324592e-05,0.7423381058386324,0.0006610173673728879,0.44369613653511586,0.9996516181179046,0.046745241571344145
0.8094021683166018,0.0730141377374284,0.8056634062721011,0.7852319059881339,0.9145969492381032,0.039151379848295226,0.6145284457337556,0.2560795277766494,0.47467845726257996,0.14877166487499563,-0.34902207106751343,0.6519639081547319,0.5591689766166339,0.9635344063317942,0.8964408769274019,0.9867857374046205,0.0006089070990853642,0.9708609172901392,9.895221021324592e-05,0.6484160953222076,0.0006199940116575839,0.44369613653511586,0.9995638099240935,0.046745241571344145
0.8055335581384173,0.0730141377374284,0.9097039914573488,0.7955227542389259,0.529609480151822,0.03273313600687672,0.6145284457337556,0.10677584147455854,0.4740548435489854,0.18760176465038414,-0.3558503936119767,0.6861845916240985,0.559522262538892,0.9694712982954773,0.8958003510695318,0.9759684208723381,0.0002855861509652698,0.9708609172901392,0.00376945633716129,0.7423381058386324,0.0007213314288869823,0.44369613653511586,0.9986185007661945,0.0335559470087793
0.8435410774805077,0.10939702822302992,0.7320506378570392,0.7920774824729275,0.661356709872861,0.006705067935399878,0.6015681843994575,0.1981171195597192,0.6343401020698941,0.10054661366209947,-0.7102992392158914,0.6476432038542524,0.44969645290993737,0.42897354262846965,0.7545784064915243,0.9156082205335927,0.010615955313872884,0.6027251419020422,0.0004663628251092922,0.7480996625063265,0.0003022583476856584,0.1675749343512813,0.9004242648378212,0.04632784876446348
0.9315612397012425,0.18637580858936903,0.9204269856681155,0.9540591737704412,0.5990762814633052,0.038337643399269095,0.8565769738848039,0.41147264485622814,-0.02755857304040915,0.5415538490507449,-0.7720543420556735,0.6775992996621001,0.5804647471956069,0.9805388966864697,0.9891126052704098,0.9537401630236942,0.00038050531588647014,0.5405824331547936,0.00357874284517512,0.7909641372735792,0.005562552899880285,0.3568643671066929,0.9360187174480223,0.04635088230961547
0.8365099992542556,0.24998162052264142,0.9383188790417053,0.8488168816474185,0.9123161367614966,0.14472033482371868,0.27258853858303933,0.2362914451682342,0.4730991383612344,0.45829565581206383,-0.9875939254051873,0.6525666012386383,0.5203309129509799,0.9584950542287471,0.9014515850112507,0.971826150626557,0.0032221737641859108,0.9509049404309708,0.014235248406048225,0.7950028779012766,0.008716446832670876,0.4054616635709179,0.9758785683997906,0.04174068766129325
0.8055335581384173,0.06891607666846414,0.9097039914573488,0.8015824833977934,0.9257958377837345,0.03257922656470794,0.6145284457337556,0.4097583091808247,0.47467845726257996,0.18760176465038414,-0.3558503936119767,0.6861845916240985,0.592197066686315,0.9806472101647746,0.8964408769274019,0.9759684208723381,0.0002855861509652698,0.9777237190607538,0.0037736476747409625,0.7443164485277097,0.0007213314288869823,0.44369613653511586,0.9986185007661945,0.0335559470087793
0.8436515743838745,0.12861222885153942,0.9444799028584402,0.7928558392075654,0.6621028632724885,0.05127945539305221,0.6774137293646996,0.1981171195597192,0.7143737038225438,0.13889776169523188,-0.7091404346155029,0.6040406434729841,0.44969645290993737,0.45569951318041524,0.7543154681636038,0.9699948935625712,0.010734448109119894,0.6073918935491558,0.003554036948571997,0.7377654565459711,0.002103057172616966,0.1675749343512813,0.9004242648378212,0.047314207788892323
0.8071581279931127,0.21740587238245854,0.9079037598691635,0.9564692018414642,0.5279322695090104,0.0691563724520101,0.6587309485928055,0.1681948890757129,0.1348471827600845,0.47885113992225625,-0.8510168223726111,0.6491634789849542,0.553916162138019,0.9996260430912187,0.8492115638704516,0.9708968937424648,0.0019626077515694567,0.8593006552091272,0.0008293516232124158,0.7908310584237884,6.638583692530485e-05,0.3990182878631151,0.9340469733063802,0.033594990615903646
0.758468809703029,0.046031450809626645,0.921670103221407,0.9596095840997516,0.8781178539899664,0.0507197516929313,0.33636366147118907,0.2297272896152855,0.7171308374676624,0.16743811263425049,-0.6236074383433088,0.6469001302732753,0.6275293003105428,0.9771740941057755,0.9345130352766648,0.9926605444791087,0.003766973973987473,0.4171673814853394,0.00024246401948539698,0.7795661888360097,0.00622970909661961,0.4578191095979316,0.9303736772600086,0.0474598847138877
0.909487429020267,0.18918257378740322,0.9375161774931653,0.9978371562411721,0.5902379149985671,0.11350874095260262,0.6201591833151421,0.3747791799877336,0.9774654451970213,0.5035318394071834,-0.7637374180288083,0.6862191452246489,0.6429243854604966,0.9793627038807264,0.8926481639904382,0.9700763622981026,0.003334967575399978,0.899488750572984,0.0031574696940120045,0.7762733111877297,0.0027429782734444304,0.4266093505467777,0.9593180801990301,0.045723191693787676
0.8055335581384173,0.06891607666846414,0.9097039914573488,0.8015824833977934,0.9257958377837345,0.03257922656470794,0.6145284457337556,0.4097583091808247,0.47467845726257996,0.18760176465038414,-0.3558503936119767,0.6861845916240985,0.592197066686315,0.9806472101647746,0.8964408769274019,0.9759684208723381,0.0002855861509652698,0.9777237190607538,0.0037736476747409625,0.7442826413761771,0.0007426833231429179,0.46256019908915347,0.9986185007661945,0.0335559470087793
0.8405177921557796,0.14288419558905696,0.9133730689083355,0.7458319278252603,0.5893184340835567,0.022650225107945093,0.3033627696580413,0.4046829305327437,0.7295433270561932,0.3995969642486003,-0.3028877776616246,0.7342412191805059,0.5860111275760675,0.968372090824928,0.8952342458634743,0.8839981567481375,0.0018539436184082147,0.8826485886799003,0.0006199465187237568,0.7853408855021488,0.003508674207591098,0.4186253222287684,0.982863425089818,0.028656549532170894
0.8517397232306623,0.18311872810036553,0.9824286417707101,0.8354513518342268,0.5152286447455761,0.03483189743273257,0.7416843949527151,0.40858599255604844,0.2891623157328477,0.18345057818155344,-0.33993355234636574,0.637826838140109,0.5917804853443432,0.9842767708308225,0.9723026808214398,0.9688562969581311,0.002034852645592375,0.9369502423677667,0.0007887730052854864,0.7773397892077382,0.002064892263604729,0.2846652887168596,0.9356521913445535,0.04676262669875519
0.8980131095985594,0.14109960377386482,0.8730860512738425,0.8579960551698118,0.6055875260181657,0.036972175835094795,0.6185291570212476,0.375999032097598,0.681465444644068,0.5531465229028139,-0.35009365186603486,0.7434203095680578,0.41628098340201447,0.9695203985433374,0.8803534609586188,0.9703217988709051,0.008267387695842912,0.9286534262192124,0.00036296134581592144,0.7512539831641408,0.0015104061840065818,0.41510807171623026,0.9834732866408361,0.028742930801986193
0.8412917805373747,0.08154119293979654,0.9101894609073723,0.9679709794255743,0.968321087179883,0.03712941525119719,0.6586003994070302,0.3509274112710844,0.5771875678799573,0.584923922357894,-0.41044478662570705,0.6995636207322454,0.5287899031440331,0.9555605549665491,0.9101078336037145,0.9707016356686454,0.044008909167821866,0.9414507777954577,0.0031060740178448266,0.7774860088489378,0.0008655018149547813,0.39800775913338743,0.998149698783039,0.047943266916690645
0.7613129784161328,0.21533117955317044,0.9138917373842105,0.9568814360122899,0.8954457893027323,0.06033197051391523,0.4034362294389112,0.16710403570666227,0.7019382449033078,0.22218121244277558,-0.8857543188166895,0.6894598193379392,0.5766474468287704,0.9960584873845999,0.8974595908877591,0.9902754418050498,0.0019541612829659365,0.8754667627173206,0.0008873897646017516,0.8824414890646194,0.0021714812737375472,0.4069156474776666,0.9681820310089817,0.033653800897081074
0.8097632218721191,0.19559310831566817,0.7804591634793357,0.677352708462387,0.5342953349722391,0.045965715395826424,0.9181069457725666,0.23509413168429452,-0.5643943203547869,0.5360280091585168,-0.6424075401990461,0.5950332337344675,0.46216369188960815,0.9953882185340077,0.8447182487724997,0.9719528307586807,0.0018953790687839928,0.9134590631383975,0.0032560201457659055,0.7850061059248514,0.002768988094286679,0.40212603535668456,0.9659680332904119,0.031044704322408048
0.9080144434476792,0.06474367953159367,0.9144848354261631,0.9714839899945171,0.7545118415520353,0.05792848888513499,0.9145979732106584,0.31257137892308573,0.8057666000210186,0.517612265769402,-0.3526963164483254,0.7451190256374162,0.5071909138880657,0.9955977968411819,0.9300990214885027,0.9812018131378613,0.010132095299006157,0.91526814952917,0.0033924205013963118,0.7507385089951703,0.00141596950362333,0.45527653661186746,0.9969437248225198,0.03490860332336892
0.7627602180293344,0.03705048855177476,0.9131557767929799,0.9338442606686218,0.6714199043971039,0.07404890089417275,0.39795854737611047,0.06637116077629744,0.19850243243247073,0.14132452957915845,-0.8737512873819305,0.4466004480154915,0.592696698610329,0.9722750340832838,0.8915472689343092,0.8731020486615504,2.408166736387826e-05,0.8670543417834862,0.0006033867100684537,0.7983435913297539,7.319360095461101e-05,0.29891373515320463,0.8653280506451153,0.04718565121991358
0.9081791992235321,0.05153010939952712,0.9573988874371968,0.8119636993718353,0.7589218395071953,0.0346365984166035,0.8958704024708213,0.41307602715757685,0.7935998715539093,0.5329998288324509,-0.2684417499785181,0.7451190256374162,0.6145119591600923,0.9955721632722904,0.9300990214885027,0.9701002023259366,0.004411039863396613,0.9155295763694051,0.0034298668163848345,0.756080695596501,0.0005737277014423942,0.3974036775619459,0.9636604754403404,0.03314722478697492
0.904261718771639,0.18292845756691098,0.9555683898655809,0.9781951287717358,0.5798284147982142,0.03450623976212145,0.5795685833197347,0.37450361797140674,0.8674863882303344,0.46654324742248304,-0.6074291511272836,0.7208106803727148,0.5655417815966676,0.9954368134461947,0.9267535754327355,0.9188853709305547,0.0031332425708872564,0.5525789942925943,0.005935978652384179,0.7820787827074138,0.008106406313262895,0.41155153097036684,0.9460712895681423,0.046713636209123006
0.8436260437714233,0.11816338790995712,0.9353780685576937,0.9728547051059377,0.641134548885557,0.03148068791507752,0.7619884225957184,0.2406560788979049,0.8922852045159528,0.5176985145355234,-0.9219538027749568,0.6300394192749564,0.5595749866191025,0.8554104656909354,0.9455218376811718,0.9810364849552142,0.0020800798979284246,0.5038000438676782,0.00039064783933578473,0.7755335881088696,0.0033572607251333136,0.4494546194739766,0.9640778067737541,0.048410645017956125
0.7764374987402862,0.06711946157519219,0.9059960077434632,0.9618034171054234,0.6521779743704043,0.03679477596370043,0.5549533980673405,0.10734106338342077,0.4740678883415467,0.06060927492420261,-0.28658826421449457,0.6861845916240985,0.5899965940453364,0.9883421869739206,0.958186536033343,0.9759684208723381,0.0002635132946884299,0.8571213355869324,0.0032100935667923273,0.7271664533335407,0.0007213314288869823,0.44369613653511586,0.8460132228281138,0.03356749952761629
0.7675548844391352,0.2164592350990169,0.7313833653670659,0.9733788122885693,0.6033695153412145,0.06373092691516974,0.4448694966056328,0.38536444396833097,0.12480722851060871,0.4711588370870018,-0.9692188220919958,0.6397730458779807,0.43001676484707896,0.9912240925278216,0.9389509665235523,0.9681993145316502,0.0015563273121198806,0.8809460838361793,0.0007824401029867311,0.8083322992363529,0.0034075099943456375,0.3312105331322961,0.898616532776454,0.034397194792316
0.9127833180834544,0.20030587910692663,0.9412380451368715,0.9789573312674835,0.5720776650111957,0.03870482374702482,0.7962812174368139,0.46696915071917994,0.2566237224226322,0.5745641616205492,-0.4805576008506496,0.6410925321674287,0.5925960431197512,0.9307368252557835,0.9065433932336159,0.983101332887799,0.002357760512325371,0.5084235885226097,0.005747637284694956,0.8644414766117052,0.0032465518784597176,0.4561055494873875,0.9300955751478192,0.046807844467365495
0.9127833180834544,0.20030587910692663,0.9412380451368715,0.9789573312674835,0.5628767109898882,0.03870482374702482,0.7962812174368139,0.500495824907083,-0.13552629292816012,0.5638502941970092,-0.6181039239698128,0.553089932830543,0.5767033445176747,0.9307368252557835,0.8917779245246036,0.983101332887799,0.002348739602645748,0.5084235885226097,0.00225443504419719,0.7896527397251321,0.0027451355958673955,0.3182335441662351,0.8968901760707447,0.04604809970399358
0.7610786747828692,0.07319673959693737,0.9062564787112211,0.7958189045875845,0.6838184606111872,0.130697353879118,0.614362346239233,0.10677584147455854,0.4740678883415467,0.18797822548426515,-0.36287863847487517,0.7005560599508348,0.5705052582124408,0.9936798364684869,0.895496467153001,0.9759684208723381,0.0029725110756222885,0.9196480974039454,0.0036032189957141527,0.7407464202954455,0.0007213314288869823,0.4603869949520734,0.8606431059752352,0.03356749952761629
0.8389998819510066,0.19416143014079448,0.9502331945045451,0.912737360524458,0.49043570815901116,0.024314276534288068,0.6190725181130976,0.3439650591685282,0.18623963013535927,0.5169090905504465,-0.6469995209525183,0.6453278279781004,0.5310847497518659,0.9947143834493082,0.889085995027076,0.8802698432136419,0.0013996121901591648,0.9709602440075903,0.00041134425800733176,0.8089459865108699,0.00012007656033118184,0.4635934331367546,0.9072605754089376,0.04803989119848651
0.8436260437714233,0.11816338790995712,0.9353780685576937,0.9728547051059377,0.641134548885557,0.03241424144527007,0.7619884225957184,0.2406560788979049,0.8922852045159528,0.5176985145355234,-0.7913759767404458,0.6300394192749564,0.558221904756428,0.8651180456871402,0.9455218376811718,0.9810364849552142,0.0020800798979284246,0.396012608423828,0.00040080949801348556,0.7755335881088696,0.0033572607251333136,0.4494546194739766,0.9640778067737541,0.048410645017956125
0.932086764061842,0.11282210901471298,0.8577818858425814,0.9579061089122609,0.727402146670512,0.05463566921393681,0.8774823603621607,0.37119228430314605,0.7746018085972668,0.4893069081152207,-0.21374269633113474,0.6519703205398253,0.5311401033715916,0.9887930665009582,0.896024601352675,0.9554399369405913,0.0031734916197274014,0.7916806753006396,0.0035153922291829903,0.7299192677288014,0.002757321379621618,0.39316670314622054,0.9924290680929406,0.032954624752954936
0.848825057951373,0.11444535418289717,0.9647113841406536,0.9701429163886774,0.641134548885557,0.023392889581123816,0.7610467286112411,0.20744621777258798,0.7921784354832669,0.2300439252101434,-0.8480621170925926,0.5524137938946767,0.5509344705776115,0.9906859135815148,0.9081044947269499,0.9709151876269697,0.00018318183147981114,0.5790217406796259,0.055462985589541616,0.7755335881088696,0.0016823028405351032,0.44979121558930224,0.9640778067737541,0.0493666592462937
0.8051884962922913,0.046031450809626645,0.9563098201133643,0.9528255611292703,0.7211470652209137,0.03865605666939051,0.6848976557414721,0.22487496622708292,0.8364609076538614,0.045135779226973226,-0.6311788194047937,0.6575215765599255,0.6305540656922651,0.9869191410322534,0.9105157222897144,0.9926603045118775,0.0031103771782881426,0.4367408333209167,1.5162482295646767e-05,0.7815521594174294,0.0011939462284203204,0.40329997723230315,0.9290811697027602,0.04822721251777147
0.7997450956025312,0.20072046523417233,0.9407470223629621,0.980029673765777,0.5246871997527827,0.06299787233068985,0.5750608829620159,0.4018895340999813,0.7711093866630943,0.07549424813926381,-0.5894058558607034,0.6410526475613085,0.5846334850379159,0.9953452742187566,0.8881361371873576,0.9693569389648767,0.0010479947472934615,0.9599311367460835,0.001255030180812839,0.7417587028766057,0.0042249356462408984,0.5304220212574968,0.9807844882726319,0.04706569052330618
0.8104702826002068,0.14333355956763374,0.6905661977487092,0.8521221846457755,0.5754102088216685,0.03914156041588804,0.590049128512051,0.37654784519938767,0.7334656826464063,0.6800471498879681,-0.15450516473434373,0.6195791406146143,0.5419214262507852,0.998724763531292,0.8839909065379488,0.9837976369770477,0.0038938801068342656,0.7706196817787058,0.000580181438326081,0.9463170578999559,0.002736618559813161,0.48893825521692297,0.9829135760253392,0.029112004698413275
0.932086764061842,0.13790898541821953,0.9435529506319758,0.9579061089122609,0.727402146670512,0.05463566921393681,0.8774823603621607,0.3711930318924241,0.7746018085972668,0.4893069081152207,-0.21374269633113474,0.6519703205398253,0.5311401033715916,0.9887930665009582,0.8973778790136385,0.9554399369405913,0.0031734916197274014,0.7916806753006396,0.0035153922291829903,0.7299192677288014,0.0071315601455388435,0.46144379552565173,0.9924290680929406,0.032954624752954936
0.8833612899776085,0.12258543256330855,0.9259332807379209,0.762297016374662,0.6779277780493962,0.052931155447940074,0.9083030580209733,0.41310313000981436,0.8514353607173291,0.42106583436242573,-0.2955843220711509,0.7353347092881712,0.5940443280528052,0.9991768115464815,0.9406132327793664,0.971279369041629,0.0020355519849553773,0.9952796561283944,0.0019252028492036518,0.850477344906926,0.004122836231628719,0.45459625966642603,0.9963110431993686,0.03352012028707047
0.932086764061842,0.11370269686740955,0.8573069055952401,0.9579061089122609,0.7221779844468492,0.05463566921393681,0.8774823603621607,0.36442730318591465,0.783505406496852,0.4893069081152207,-0.2540889442351229,0.6519703205398253,0.5311401033715916,0.9887930665009582,0.896024601352675,0.9554399369405913,0.0031734916197274014,0.7972756485135738,7.237433255950494e-05,0.7299192677288014,0.0027757322088372326,0.39204063441359355,0.9924290680929406,0.027456115930064275
0.9127833180834544,0.17447133413217522,0.9412380451368715,0.9789573312674835,0.5675485043724815,0.050520511959793575,0.7962812174368139,0.4725949264982044,0.1514318410420774,0.6081120609580416,-0.6166707028416051,0.5556267428607731,0.5253050206710956,0.9303858669119847,0.8997358593931886,0.9831837691483444,0.002357760512325371,0.5525486990153557,0.005747637284694956,0.8644414766117052,0.0032465518784597176,0.314516838269675,0.958155757703974,0.046807844467365495
0.8528416454438855,0.17729644302016498,0.9090315381852865,0.9063813662529917,0.5365689589570449,0.023725936405915898,0.746642272257483,0.3790948585359203,0.7901147087110298,0.5248249564266831,-0.17149366673714034,0.6496208837285968,0.5500467940540498,0.9838574881666452,0.8960241394243604,0.9916071722763016,4.1020368328131894e-05,0.9426556204044625,0.0035243493134728605,0.7774913016497981,0.0020604471930002165,0.37164321226077796,0.9298790692272741,0.036793096360604384
0.8236727783541491,0.17828978488190605,0.9589434190754552,0.6704900390690016,0.5171943065820759,0.03345686294486941,0.6065879191382482,0.2762366450365632,0.3184345290456103,0.13601457371619333,-0.24605191505897167,0.628890687744986,0.5451730267487158,0.9936870194612838,0.8480309515477312,0.8921369879335116,0.0019733085022042023,0.9222129404486736,0.0002049984191899335,0.6499172805720425,4.347497117427766e-06,0.38366607964945765,0.939549468191985,0.02596928544334618
0.8831722381804658,0.12258543256330855,0.9268979220399479,0.762297016374662,0.6779277780493962,0.021366188145480778,0.9083030580209733,0.4568625165359176,0.843438331432381,0.4169717322056312,-0.2955843220711509,0.7387340477623668,0.5932993052529113,0.9991768115464815,0.9414007263441827,0.8321975470615739,0.0020355519849553773,0.9954480422460931,0.0019252028492036518,0.8498932736134833,0.004122836231628719,0.4054068302374607,0.9333327224921747,0.03352012028707047
0.8229365790069354,0.1728456659945906,0.861679637523469,0.9338686752163955,0.5072750256092714,0.03913940624361694,0.8377531007544186,0.41129881202149465,0.3490704681335623,0.19972360828473548,-0.4065308184223506,0.7711890986048127,0.5342529063343315,0.9190164495726102,0.8967737494990339,0.9733679553022972,0.0014259941844892404,0.994200223666736,0.0009045274316318693,0.791269096818935,0.0010095926732766874,0.4729576913589517,0.9360817583927451,0.03341505122429563
0.8109968849743929,0.18549250708734893,0.9220561657559271,0.9353861982410665,0.5615779444647904,0.05716269775765558,0.07779909069601298,0.5267612881370933,0.37242065102139255,0.06713046648687554,-0.050140604941946165,0.6200899259130342,0.5139922853672001,0.9827202249164737,0.8719882343230408,0.9486376890928662,0.00012014779051240841,0.9413564118138257,0.0026773771028517244,0.7488391618922288,0.00014284267541023535,0.24808893050019717,0.7917549329096372,0.029714975224722016
0.8106510643973719,0.16384235064484862,0.9220561657559271,0.9605119309735312,0.5615779444647904,0.05716269775765558,0.07779909069601298,0.5267612881370933,0.37272314748339147,0.06709092539634708,-0.050140604941946165,0.6194714689214087,0.5139922853672001,0.9827202249164737,0.8828202869773354,0.9708890746611861,0.0003962856263183745,0.953011854306102,0.0005402459014886727,0.7488391618922288,0.00014284267541023535,0.24808893050019717,0.8959715651601421,0.029714975224722016
0.8365140585672882,0.2497566723984973,0.9213609336824099,0.7686705562606717,0.5628045451284895,0.08512081326967386,0.30641572218100177,0.1754109666787297,0.9039407114679261,0.011556502895418638,-0.8232181127271817,0.3814450960319417,0.6497050917277605,0.9954836086444347,0.8892345377391766,0.9708782222622521,0.0009146606137097729,0.9286273413267094,0.003302145816655558,0.793336519039648,0.0002073244881366657,0.38520630987179216,0.9827400575258821,0.04298305281183693
0.7543030118682339,0.05149387056957778,0.198888303780082,0.9170941187573193,0.6677050095646603,0.03633156972313813,0.22661441722384207,0.2807160687873976,0.19975090074283913,0.1992719310734928,-0.9614562161676762,0.6481610258739592,0.5789459441949837,0.9784331015802284,0.8654369523992779,0.9534938362256347,6.410485613768337e-05,0.8089253430004835,0.0002413014610663199,0.7279588158275039,0.0016329156756031181,0.38417124358732535,0.9909578841568288,0.03138179884336951
0.8436260437714233,0.11843029882190922,0.9648389553203641,0.9999287657891662,0.6612211170102356,0.0516802319595177,0.7692716523570537,0.33068372057069967,0.793483036512605,0.6271426026369811,-0.38350867053957516,0.6377457526685781,0.5795154019328526,0.9906859135815148,0.9069133158900468,0.9829699970675675,0.0021099981660391252,0.6451914247733952,0.003766938329406063,0.812387101196354,0.0049039568284375504,0.46128826792282007,0.9640778067737541,0.04887074994179468
0.8451849361303501,0.11687433477148193,0.9648389553203641,0.932090457191823,0.6096956647821605,0.03828398117321443,0.7552894388733995,0.23388035566896767,0.7791133764446183,0.6271426026369811,-0.8471438421007144,0.7145969932753939,0.5795154019328526,0.9906908229996986,0.9069133158900468,0.9825572083470125,0.0020172929965041877,0.6451914247733952,0.0035075556744615026,0.7768956786657367,0.004132947056790657,0.46128826792282007,0.8837268729847423,0.04930294859282194
0.9272092555445629,0.1115679568519711,0.9856134442740462,0.9707596132726356,0.7111735090861128,0.05475025647267643,0.8800042732040552,0.36442730318591465,0.8400282399961955,0.6101205970202255,-0.25926966929568807,0.7093316913782235,0.5312821110071653,0.9955122829713593,0.9280756584035582,0.9554399369405913,0.0025582851214637696,0.9520868759540563,0.003221327532946103,0.7850080510060615,0.002757321379621618,0.4380344771082725,0.9924290680929406,0.03684373088643339
0.848825057951373,0.11516438157266223,0.9647113841406536,0.9701429163886774,0.641134548885557,0.02394599265825842,0.7610467286112411,0.20744621777258798,0.7921784354832669,0.2300439252101434,-0.162077306075876,0.5525977842403441,0.5509344705776115,0.9906859135815148,0.9081044947269499,0.9709151876269697,0.0010965608971601035,0.5790217406796259,0.055462985589541616,0.7755335881088696,0.0016823028405351032,0.44979121558930224,0.9924299437859022,0.0493666592462937
0.8230287992222642,0.19625727352765218,0.8985549784640066,0.9316788765499924,0.5267482175586538,0.08315276754522474,0.61380601212072,0.34707385767062454,0.3291234232098705,0.14337563130732645,-0.8804905734339833,0.3964519665757652,0.5782410401699863,0.9803557656455576,0.9197659696955968,0.9529706965839008,0.001976277747184019,0.5799377404348549,0.00012559380106602104,0.7718614456833841,0.00039934007798224066,0.40559907618117963,0.9608605654704228,0.026723938941190697
0.9129281713596668,0.18292845756691098,0.9554638475576184,0.9963780554530605,0.5701119743203675,0.03478990867225823,0.5795685833197347,0.5393293121099447,0.8674863882303344,0.5881452751646247,-0.6123077953263121,0.7293337032599404,0.6103922800587228,0.9993271851245793,0.9261841349237819,0.9828597205839124,0.0031332425708872564,0.5508489052640289,0.024777371994707555,0.7799645570934942,0.007990584945631565,0.41206795339377533,0.8897811951357026,0.046713636209123006
0.7576893222360329,0.04121320065280807,0.8866308649111269,0.9778265929687057,0.8908052699619203,0.03425782622674415,0.4383449756302168,0.13027801786771398,-0.03485344929381487,0.577570654732627,-0.9790504800675648,0.6265612733360307,0.5685973154196685,0.9275989080375731,0.8636594656622966,0.9536933853370446,0.001307472399765452,0.55356917585045,0.0013669341800600318,0.7234857271111527,0.0004652983710293009,0.3367034224353862,0.9920059116099517,0.04787572138059737
0.8220125579421493,0.172320192870395,0.883602678148084,0.7515249630230357,0.5281014873109089,0.021867427180261776,0.6067455334306252,0.37595962760374946,-0.05556309853142388,0.2264141001708363,-0.5919551984624118,0.5567540774017015,0.5649564551850312,0.9937909712123891,0.8852786791718465,0.9790194882819664,0.0019036588896522188,0.6803862339502716,0.0024666223086218055,0.7839095249435796,7.85591695894984e-06,0.27937954993711034,0.9340107200391699,0.03672567928995762
0.7633361448394793,0.23985141314088249,0.729038830188732,0.9374616122627065,0.6833928178264463,0.09855195371703122,0.7394732914605171,0.06103317937245287,0.12048118688547388,0.11258948954510645,-0.6854532609200502,0.6375241180162868,0.5672643363040928,0.9912240925278216,0.8874525850012468,0.9539236737561831,0.0004140431041607445,0.5122115019934179,0.0006388876148263538,0.786266732359995,0.002031112773351143,0.34229845614508275,0.905572567802885,0.020580475296324147
0.8069564543349825,0.07842340869027167,0.8953528625306909,0.5882201224329707,0.7367200631781279,0.06316537650415759,0.7951955360926457,0.17308431053054918,0.9908165991639271,0.5463398367166586,-0.26551201030526383,0.6116871072288976,0.5308404708968584,0.9780952464985505,0.9131014099659015,0.9507622395714181,0.002031959922370972,0.9231278098162038,0.0008495412019159049,0.730689919910472,0.0004465983021179438,0.45178362276545914,0.9181149118541233,0.033498867883690976
0.904261718771639,0.18292845756691098,0.9507023529077341,0.9781951287717358,0.5701119743203675,0.03475055692899089,0.8885860201956565,0.47209471383343293,0.8674863882303344,0.04578741809140041,-0.6123077953263121,0.6094114455990343,0.4946109449653581,0.9948312581707741,0.9037490224368331,0.9188853709305547,0.0031332425708872564,0.8387156662459018,0.0015535622841725402,0.7811301994694226,0.002749624213757081,0.48048965113249287,0.945609096914317,0.046485896729999955
0.813442573274403,0.17494879698375532,0.9418779572914404,0.9688095212044778,0.49022943801136165,0.039701010619991955,0.752231704768957,0.4797769136751215,0.7819432285795803,0.13083982324374577,-0.1816832171768678,0.6503872531674699,0.6145838356427179,0.9901420553134979,0.8960603359889053,0.9792953822995679,0.00036642222001112025,0.954267771613451,0.0032322529250485227,0.7995773693367223,0.006470967479399887,0.39569694768327834,0.889287826163718,0.046932355045336015
0.7590622362934327,0.05704683531652124,0.9332997361094176,0.9987134410359615,0.7155395604143517,0.03816604850449886,0.7865756850017134,0.24754604058954488,0.9414389738656224,0.18648227426274674,-0.4911857749021826,0.6560123086943357,0.5812800603069905,0.9882163130033486,0.8720060687914689,0.9496657660494924,0.0013295602697828439,0.9023586627926985,0.0005626723675011226,0.7239403985829822,0.006363926722630012,0.3609515548037272,0.925998255482471,0.03274318360130725
0.8408681498349625,0.14225146270691233,0.7989485929380702,0.753518521492145,0.6152428609447153,0.04604916632240091,0.8790659689071425,0.39696878789951523,0.8396820477190938,0.4908108025045247,-0.24819547165144049,0.732581924024804,0.5729821998097772,0.9821430589727613,0.8967633756399878,0.9689542913192584,0.0018532286948688104,0.9295905681007948,0.003211279128471155,0.7883828034112693,0.0029343552297986103,0.30183118191888664,0.9977965009742698,0.028768277202951636
0.8880508958055583,0.140327300292396,0.9864485912792778,0.5946229312447578,0.5849787276150076,0.045567601237439206,0.7957890005616027,0.40961815406179913,0.7173099898333972,0.3423032212943134,-0.2451356350650101,0.7394257948906189,0.5771830715029369,0.9727812300674274,0.896810066387391,0.8700219558488171,0.0018486517510979622,0.9295905681007948,0.0005302929008375981,0.7883828034112693,0.003916669990371999,0.37949846196860637,0.9026921043049326,0.028768277202951636
0.8365140585672882,0.2497566723984973,0.8870227064503867,0.7686705562606717,0.56066629790914,0.08881273410967394,0.5739616886855463,0.2090144494459194,0.46991598097760245,0.016029077516562698,-0.8232181127271817,0.3814450960319417,0.545007667683659,0.9968253539707401,0.8605714978098299,0.9683881765910456,0.0008962532975134023,0.9022657673854911,0.0007925495580822634,0.793336519039648,0.0002073244881366657,0.384510166563518,0.9827400575258821,0.03761519389082283
0.9086732960256483,0.14184943341074568,0.9571764692908573,0.9497151646319758,0.7553586401698996,0.07020741552113716,0.6154682846667018,0.4425056756820198,0.7173099898333972,0.3722090677579827,-0.24819547165144049,0.7276007295576579,0.5771565620306632,0.9984472489559165,0.8929780115486569,0.9681774984734391,0.0018898359755757828,0.9811146704116477,0.0015163981301896624,0.7883828034112693,0.00032668004269343796,0.4649904420541705,0.9697899082060691,0.028409410771189494
0.7685453853814398,0.03986004715733759,0.7997375389951713,0.9415815572592909,0.7344140301655835,0.03674008109806594,0.6827028558670851,0.5001682861560244,0.9651862216042955,0.4942933118612738,-0.40652308731461617,0.7176744607541707,0.5811305162882403,0.9891534381601141,0.87848632218802,0.9334524599086926,0.0030813882457183233,0.9742798355730162,0.0027608003779021955,0.7880715994919447,0.006092729421558158,0.36546059547394477,0.99559367353377,0.047317745652531315
0.848825057951373,0.11345372609626045,0.7963359069269671,0.9603944513432463,0.6395164814783936,0.02385824604528342,0.5782627133553963,0.2673816910729997,0.793483036512605,0.23213332647402823,-0.4923722587902971,0.5530520008813945,0.5859009268608278,0.9907293404472617,0.8900302918361416,0.9702609384479378,0.0001802556320523932,0.5790217406796259,3.6249600138905285e-05,0.6734522982233738,5.105440563191253e-05,0.3996741798851393,0.9194457788363624,0.04558369829599052
0.9167470978220523,0.11052864249198327,0.9609325298585679,0.7080701106597476,0.7089711693085001,0.04970835215252577,0.6391980730007857,0.5013153109027476,-0.1974795321679958,0.12231946295336005,-0.7201214917339428,0.6395970207156815,0.600811647896952,0.9641519167532918,0.9308571803294067,0.9620173681510078,0.001218025938622744,0.5325342382430718,0.005758025508225252,0.7195687763047905,0.003851454721618051,0.38358938733659387,0.8817057091252444,0.0468003529682918
0.769282833376966,0.0568725033014838,0.9629205919379039,0.9617970437327752,0.851101099349024,0.03441051472945819,0.6158070831917791,0.23979186191734153,0.8506220602997674,0.4892304981116834,-0.4819430873824144,0.6798572221370777,0.5322771053480212,0.9890676513920552,0.905724439463513,0.9587999162240224,0.0014933086994300356,0.9980717175766076,0.003337423608743893,0.7300157349208621,0.0001497729248170019,0.4076382805890454,0.8385560297801326,0.03347998853543944
0.7617435399064211,0.04941496023880003,0.7345806127917418,0.9159296282303878,0.7493506560841318,0.052806145297980334,0.5906339877126475,0.2850463164089925,0.7790218217571516,0.5227202253657331,-0.18246734842684192,0.6446332826065269,0.6258047779776444,0.9965680337623045,0.9323006117845225,0.9528491490140627,0.002821449249624499,0.8981849112049213,0.005752630007443723,0.709674015389764,0.0006458620604636725,0.38430060686410583,0.9165739412733854,0.03826846821130578
0.8469227291707134,0.18342739471572947,0.9211674739273028,0.9608556073853415,0.6477868174335811,0.059264193682797894,0.39906327745741155,0.031410104186055735,0.3491764971419326,0.06158433330100366,-0.045583213737818,0.628425482622005,0.5538340249902871,0.985416533089998,0.8826322161862145,0.912894036640823,0.0020130052868433624,0.9249223950863965,0.0026773771028517244,0.8276572913252563,0.00013954496180606282,0.26174094241290924,0.9925122080413498,0.030711224935670554
0.7592062606068086,0.046833962702223966,0.795577381090726,0.9100371195114287,0.5563995747925299,0.0369814185429628,0.6157849705197717,0.05735668306069282,0.7062968743276455,0.46929086222313293,-0.08639320812092843,0.55291854597671,0.5007832402789761,0.9938108475201671,0.8811470640803205,0.9713722005169375,0.0003532431883385282,0.9042701518083212,0.001205733551275632,0.7118486450599526,0.002567113232847784,0.41337842108151945,0.8668512065618786,0.03996139382783606
0.858459461747523,0.1075098215934232,0.9899674510122265,0.9726410083037523,0.7293413994348285,0.05101247998973732,0.676444994942153,0.4338620598370418,0.8648196101950626,0.5840509922488305,-0.6249580229600407,0.6373624607512757,0.6088090858767714,0.9957841099085363,0.881315193518707,0.984997940323721,0.001748442906238308,0.547264132581657,0.007720601869869677,0.7825069880770351,0.0001814761160803366,0.4200202748211477,0.9984355233409794,0.04820773394609958
0.9265748462067335,0.1115679568519711,0.7996431665799476,0.6393997023716257,0.727402146670512,0.08600436529837976,0.875178242550259,0.3548984917837103,0.8473281839083973,0.47022440456821357,-0.214445843544238,0.6995942288372086,0.5314980494180351,0.9939151805178777,0.881155635310016,0.9555844588593522,0.0004980507297593323,0.9616132264961479,0.003221327532946103,0.7299192677288014,0.00020698297116779145,0.40298717944770734,0.9924290680929406,0.029955468781274697
0.9086732960256483,0.1246612635408286,0.8871301259345544,0.9272323085633736,0.7553586401698996,0.04558023995532902,0.6154682846667018,0.3993736511457917,0.6711800861148829,0.36985299632927027,-0.24819547165144049,0.634706313472906,0.571872099075033,0.9895159163067857,0.8968468374912032,0.9810131718043982,0.009130079016239152,0.8916086240139875,0.003211279128471155,0.8117863069659742,0.0029343552297986103,0.38812616641734116,0.9402109226167727,0.029027616754085318
0.8428113107111297,0.1115679568519711,0.998932343315351,0.9579061089122609,0.6399709114930253,0.023838228078897655,0.8862574757978035,0.08911254198721363,0.7931890344090359,0.5619026166981035,-0.48206903063535217,0.7378655455964005,0.5312821110071653,0.9889396211332253,0.8899719360643223,0.9554399369405913,0.0031734916197274014,0.5773981504914787,0.0031908545022380345,0.7297240442323737,5.2365188583077354e-05,0.2985328515008313,0.9701442064468744,0.03285705779218223
0.8440917530451537,0.11936016880747101,0.9657020660083998,0.9371860784928707,0.6612211170102356,0.0516802319595177,0.7692716523570537,0.33068372057069967,0.793483036512605,0.6271426026369811,-0.38350867053957516,0.6375164011044624,0.5101486250921208,0.994005622740702,0.9069133158900468,0.9830325390377208,0.0021099981660391252,0.9144365466582153,0.0029912038428140156,0.7755335881088696,0.0049039568284375504,0.46128826792282007,0.9640778067737541,0.05191306469060088
0.8106510643973719,0.18342739471572947,0.9216124093499682,0.9603361916708745,0.5527033311074296,0.059264193682797894,0.39735833907150697,0.031410104186055735,0.3738656176643972,0.06713046648687554,-0.06859066530492161,0.628425482622005,0.5811194703895661,0.9825992995572725,0.8826322161862145,0.9129696903869142,0.00039634177248018966,0.8849247896532403,0.0011428964117734895,0.8242671548288762,0.00013954496180606282,0.24808893050019717,0.9990245019419426,0.030711224935670554
0.8089549191272024,0.0680687991433179,0.8852208258031883,0.8989443836688503,0.8152582883098828,0.06314609381141315,0.6022319884425985,0.5601842095991991,0.7172491517826405,0.3199450856609126,-0.1342307264290616,0.6282982174909402,0.5318010220683741,0.9726976702821895,0.8966435132621761,0.9509549301474762,0.00034581414532928035,0.9403156611137607,0.0032980156966159937,0.7303669251659284,0.002928817774383659,0.40227317226577214,0.9700075587930773,0.03139820101843827
0.7792797173360644,0.05672943443122242,0.9629205919379039,0.8937645264181426,0.8379971457519573,0.03312406962080991,0.12416505489548832,0.23549999272704852,0.9010108142791009,0.441547296975877,-0.18494952538950096,0.608182929393698,0.5295941671705585,0.9890676513920552,0.9091358036721908,0.9587999162240224,0.002792189520659083,0.9889354055541366,0.003337423608743893,0.7619037395014421,6.330298437937705e-05,0.4177957239656724,0.8736038813178513,0.032850944681570265
0.8236727783541491,0.17490089223624886,0.9587772664702051,0.939598224000379,0.5151933481099673,0.024821842924245947,0.8217944596489776,0.2118199879230004,0.3184345290456103,0.4712640346404805,-0.24948324767699814,0.6278565716537178,0.6392263946278313,0.9924767909917663,0.8971301067417895,0.8972646044013534,0.0019733085022042023,0.9199161452622077,0.0006528588580135521,0.7946152777939635,0.0005337693227640754,0.29939528845041974,0.9660320466476323,0.034356840518772816
0.7591075497694646,0.18493201582471064,0.9216124093499682,0.9603361916708745,0.5527033311074296,0.059264193682797894,0.39735833907150697,0.031410104186055735,0.3738656176643972,0.06713046648687554,-0.08635237009641389,0.6282584822120219,0.49925796297801617,0.9825992995572725,0.8810600278701188,0.9129696903869142,0.0003534500418643518,0.8781102410823076,0.0011428964117734895,0.8242671548288762,0.00013954496180606282,0.24808893050019717,0.9985786269096604,0.030711224935670554
0.7685453853814398,0.03986004715733759,0.7997375389951713,0.9415815572592909,0.7344140301655835,0.03674008109806594,0.6827028558670851,0.5001682861560244,0.9637177973365175,0.4942933118612738,-0.40652308731461617,0.7176744607541707,0.5811305162882403,0.9891534381601141,0.87848632218802,0.9334524599086926,0.0030813882457183233,0.9742798355730162,0.0027608003779021955,0.7880715994919447,0.0006773569063848349,0.36546059547394477,0.99559367353377,0.0341538298661094
0.7749117266015656,0.21481521109524537,0.9487037136881677,0.9065720432482496,0.7044753957668515,0.06758609488578901,0.449130106474782,0.34166632899324834,0.696722305425225,0.4641940433188215,-0.7878592592833397,0.6423871600038478,0.5225381926158237,0.9759613461654092,0.8878816630368367,0.9790403321117405,0.001703974741443436,0.8444614199200192,0.0015419450769774065,0.7876926293247449,5.697273466318182e-05,0.37971229160695247,0.9184586471251754,0.03995145519177394
0.9076106948739003,0.12793716616205716,0.8030459586163975,0.5886803380564618,0.744323702541156,0.04558023995532902,0.6154682846667018,0.45379185152097035,0.6643630019589752,0.492099023611697,-0.2677411346414672,0.634706313472906,0.5489215943935948,0.9832188754242656,0.9301737433266488,0.969802326213749,0.001452118022586977,0.9278763865245888,0.003072503082626564,0.7896284809382982,0.0006320337500580388,0.28045677752499815,0.9402109226167727,0.02879896536950459
0.8428113107111297,0.1115679568519711,0.9856134442740462,0.9764469531735829,0.645630871885638,0.04192721054937548,0.8862574757978035,0.4136400199474859,0.8433827107162646,0.5631231534603165,-0.21111422721613415,0.7172042191586813,0.5310245213930823,0.9902374523996426,0.8898629769528261,0.9868508200320365,0.0031734916197274014,0.9520868759540563,0.0031908545022380345,0.7397983252403126,0.0027455237935240825,0.41184271643210707,0.9916846658360208,0.032954624752954936
0.8428113107111297,0.1115679568519711,0.9856134442740462,0.9579061089122609,0.645630871885638,0.04192721054937548,0.7922942385782892,0.36442730318591465,0.8433827107162646,0.5631231534603165,-0.21111422721613415,0.7093316913782235,0.5621337396916214,0.9889082009689845,0.8898433418902852,0.9548463499060961,0.0031734916197274014,0.9520868759540563,0.0031908545022380345,0.8867091669552829,0.002757321379621618,0.3187365764009375,0.9916846658360208,0.03773022131348233
0.7713841136188511,0.18917411186735067,0.8899995486122689,0.9219412360686171,0.4747836854896848,0.032558847880634796,0.7563646341995738,0.33275065571419343,0.677644148226165,0.7756703871701615,-0.9882376575925241,0.6307459237522793,0.4936845428666463,0.9721331446582601,0.8878939952633733,0.9347128430145926,0.00030900449090342504,0.9312077461492708,0.0036275045045229756,0.8581793057349264,0.00026797480824781496,0.35334398265626055,0.8882918445229661,0.031046271614176224
0.8428113107111297,0.1115679568519711,0.9818894094992278,0.9764469531735829,0.645630871885638,0.037229446027368156,0.8583026809859617,0.4136400199474859,0.799883318722981,0.5631231534603165,-0.21681519819454545,0.7172042191586813,0.5310652282817347,0.9902374523996426,0.9495838024439098,0.9868508200320365,0.0031614338542567608,0.9113521513100088,0.001460816583839265,0.7397983252403126,0.0027455237935240825,0.22385307220237022,0.9916846658360208,0.032954624752954936
0.7787797192923135,0.04740161443376983,0.9185079758523882,0.9806276304296321,0.5563995747925299,0.041844316376078806,0.6157849705197717,0.05340998128649965,0.7092690676407682,0.4686017012572715,-0.13197826486800487,0.6310932071104888,0.529374450231859,0.9938958383664259,0.8807640548892995,0.9827178399250845,0.0002901554094191952,0.9042701518083212,0.009195042941616558,0.8542981985280595,0.00030439093367199375,0.3881569091041467,0.8730779548875598,0.03996139382783606
0.9460351404840619,0.11294839006565115,0.9891476626688223,0.7819524695244754,0.7493506560841318,0.052806145297980334,0.5426197942136368,0.2858366375218411,0.7790218217571516,0.5227202253657331,-0.18246734842684192,0.6446332826065269,0.6258047779776444,0.9965680337623045,0.9323006117845225,0.9555487488103935,0.002821997340773283,0.8981849112049213,0.005752630007443723,0.8272943619307003,0.0006458620604636725,0.3845238300472327,0.9165739412733854,0.03826846821130578
0.8236727783541491,0.17490089223624886,0.9587772664702051,0.9400324771712804,0.5151933481099673,0.024821842924245947,0.8217944596489776,0.2118199879230004,0.3184345290456103,0.6440271514498233,-0.24948324767699814,0.652817101712615,0.6392263946278313,0.9924767909917663,0.8971301067417895,0.8972646044013534,0.0019733085022042023,0.9199161452622077,0.0015202861964046448,0.7946152777939635,0.0005337693227640754,0.2961007827009923,0.9661928897601677,0.033989865160873683
0.7791316481505907,0.05196650089286061,0.2773202951565276,0.9051542828335511,0.8379971457519573,0.006001794228274217,0.6158070831917791,0.23549999272704852,0.8506220602997674,0.4983636277196124,-0.024538002274136828,0.608182929393698,0.5576396352012436,0.9777026928023632,0.9203204619335079,0.9587999162240224,0.0026463364509534985,0.9849951550524302,0.003337423608743893,0.7957787849799689,0.0001128063249233337,0.41313088095277534,0.9175083687296228,0.019228886801286784
0.9265748462067335,0.1115679568519711,0.7996431665799476,0.6393997023716257,0.822548347967116,0.08600436529837976,0.875178242550259,0.3548984917837103,0.8473281839083973,0.47022440456821357,-0.214445843544238,0.6995942288372086,0.5314980494180351,0.9939151805178777,0.881155635310016,0.9553134311200212,0.0004968066514247141,0.9616132264961479,0.003221327532946103,0.7534503828703699,0.00022632293585149403,0.40298717944770734,0.9924290680929406,0.029902498219211184
0.8150247870194822,0.16998105916746442,0.9726657731687712,0.6497417894864899,0.5286933582599949,0.0765601229912519,0.6585922398908526,0.4861918110105892,0.354646436125276,0.2529124158578676,-0.9730983279223172,0.6518115699311045,0.5983654071494564,0.9890579592377635,0.854587387717657,0.9361604429143479,0.0023167835579321156,0.9709757622466448,0.0004165087191172886,0.8137587453196942,9.751217428327977e-05,0.32068753879687556,0.9082013143709109,0.03364995081852021
0.8164110125777138,0.007932251052462085,0.7402002467535114,0.9415815572592909,0.7344140301655835,0.029693933405884256,0.6825108850649645,0.48953990937311914,0.8198124166417466,0.4775836207008635,-0.40652308731461617,0.7176601347960745,0.5041567519479132,0.9891534381601141,0.87848632218802,0.9329004288304945,0.0003398343063065754,0.9705313186118162,0.002830654815779107,0.7285893639729978,3.5612432306405054e-06,0.36546059547394477,0.8670605960053264,0.051602585843430276
0.8290172889308223,0.18275044310462235,0.8531332571904344,0.9893584750176773,0.4961067011914693,0.0351044617621681,0.8194343644311419,0.4706170269796604,0.19400033994589205,0.6675064276808227,-0.6065603300649628,0.7149923639325607,0.600722889920637,0.9957344152035534,0.8959336789937262,0.9902915385804522,0.07436124941977423,0.9227805524265557,0.005938953549887117,0.8004709527924259,0.007834461769592158,0.41246139700491713,0.95362405124212,0.04680537440439568
0.7557271036195713,0.04560122552499218,0.9371269077850582,0.9965552067119291,0.944700287869022,0.12652409596323105,0.9221300887536208,0.4230759286195051,0.7154272836454758,0.4593167497296571,-0.2671707250967305,0.6375819744974919,0.5533553083310886,0.9975349837808759,0.9925361138481079,0.9582856255196162,0.0016166244468616513,0.9078751969251534,0.0032598861282565855,0.7254840540669208,0.00044481474204811835,0.43107292952011594,0.8364920063793616,0.046514696806283236
0.7516718736678043,0.04266158725556152,0.799959337951332,0.910297328452198,0.8636837447629772,0.03417812978461607,0.3923797117710497,0.24895748100044443,0.7820792470545872,0.4997094244976567,-0.19356651271685987,0.6539954884494675,0.5619984552603732,0.9996283963448565,0.9053631437321126,0.9812578218733509,0.0003507479998324603,0.9719110722143353,0.0015755717117835583,0.7167559082224899,8.32901870543396e-05,0.27525338510966907,0.8969160986150543,0.03459830335607163
0.830528067097144,0.1699305731089704,0.8974308584921705,0.9188786317491096,0.5707475202720633,0.034307897660340814,0.9180479899298353,0.24129138013839996,0.8927094488691002,0.468948994925813,-0.5223311131897226,0.6299030147015655,0.5516378396299435,0.9892556523848692,0.8631464387684068,0.9709584878028548,0.00026267630054774814,0.8822186051744645,0.001111023398782386,0.8613600552910768,0.0002071181769208901,0.45380946307449166,0.9942489989252896,0.03663193977740851
0.7515026946294808,0.04266158725556152,0.799959337951332,0.910297328452198,0.8636837447629772,0.03675391033951799,0.8872695506331132,0.24895748100044443,0.7820792470545872,0.4997094244976567,-0.19356651271685987,0.6539954884494675,0.5619984552603732,0.9996283963448565,0.9053631437321126,0.9812578218733509,0.0003507479998324603,0.9719110722143353,0.0032656615381514726,0.7167559082224899,0.0006558810006430696,0.36815326741103216,0.9845362397771177,0.042121400868935274
0.8229365790069354,0.1729226129900268,0.962659430695866,0.9269303517906771,0.5064057061080651,0.03913940624361694,0.7027820857390441,0.24143064059267733,0.3558871887612282,0.19736833486225894,-0.9550039143163599,0.7719243441164683,0.49822191770998503,0.9814079475353749,0.8967737494990339,0.9956538501413976,0.00021185538037005658,0.994200223666736,0.0008351344073711467,0.7801240755367038,0.0025597392307863216,0.3670535354608615,0.9360817583927451,0.03271206977089501
0.8213557477764357,0.1825023409891976,0.7410575468668327,0.7591522941110941,0.487560949301469,0.050511677988875875,0.738224101913813,0.41444018696214646,0.7100345879271477,0.3122276706137028,-0.41201785412032765,0.635060701777225,0.6525372796272657,0.9880090425326691,0.8898118098872855,0.9695052322632791,0.00030856838937125025,0.9338546749397891,0.0034768518063352924,0.7017632341451514,0.003343537680446407,0.3974268586010231,0.9907198813517175,0.042185021743911894
0.8303216854837904,0.244553590676956,0.8460148193338388,0.9205969452301715,0.9442761031237596,0.06119179114614895,0.795786362263516,0.4016535532495458,0.7796084448865526,0.5053404576132079,-0.9651884215563125,0.6999216754936239,0.5284101111713734,0.9947769606126493,0.8859665960103271,0.9572604178463727,0.0018984295560987249,0.9610889138361026,0.00026523586502612316,0.7501200750469957,0.001006321228765455,0.4048187437621904,0.8655799246791948,0.033254024878643706
0.9086732960256483,0.12793716616205716,0.8949134590924449,0.907107610129422,0.7541494507302375,0.04558023995532902,0.611894900211082,0.4568695341234146,0.6643630019589752,0.5943950074894396,-0.25915774766978555,0.6926444319408273,0.6084422742075645,0.9997536740596786,0.9279387827433547,0.9752287078546775,0.001452118022586977,0.6482920603454746,0.003072503082626564,0.8063726875074494,0.0006349509602247428,0.27454387882624937,0.9402109226167727,0.02879896536950459
0.7791316481505907,0.06436919375093982,0.2773202951565276,0.9054903835058653,0.8379971457519573,0.004891077109854959,0.6314869341715383,0.23549999272704852,0.8506220602997674,0.595201889881047,-0.024538002274136828,0.6144326126001571,0.6027336516389593,0.9773172475465479,0.9203204619335079,0.9587656249426942,0.0026463364509534985,0.9849951550524302,0.003337423608743893,0.7765519731603946,0.0001128063249233337,0.41313088095277534,0.9627416971617999,0.019228886801286784
0.911018782091403,0.0698760131117936,0.9843574687669352,0.9738550134933294,0.727402146670512,0.03332849664822192,0.7461724127618838,0.3909048368858653,0.8379745180154564,0.48923099120247904,-0.214445843544238,0.7126009479669186,0.554101949046346,0.9890450233375484,0.8903896739515984,0.9554059056324662,0.0031046006765442467,0.9271893619267858,0.003191395756149295,0.7295137597941254,0.0024836428962443768,0.43994942378546764,0.992276687424593,0.032954624752954936
0.932643390315346,0.12956117756420607,0.8871301259345544,0.9272323085633736,0.7502251340994508,0.05245432362365159,0.8764973785970469,0.3993736511457917,0.5321290096683342,0.5890998435345823,-0.24791839266328422,0.6339829640806582,0.5718866821248823,0.9827192057649456,0.9281244544871864,0.985148018914089,0.009130079016239152,0.9699759193902449,0.0032224385597514602,0.9270645306270732,0.003471309712431722,0.39361836245117104,0.9018787232863865,0.04927825639558338
0.7515026946294808,0.04266158725556152,0.799959337951332,0.7532133115435908,0.8636837447629772,0.03675391033951799,0.8338952576544759,0.24895748100044443,0.77983249008554,0.4997094244976567,-0.37379238711165663,0.6537991754116358,0.5624821009105673,0.9999833228252107,0.9053631437321126,0.9812578218733509,0.0003507479998324603,0.9719110722143353,0.00111419462984697,0.7167559082224899,0.0006558810006430696,0.3419796657044149,0.9845362397771177,0.042121400868935274
0.8463256922505149,0.13422779534878046,0.979233136431082,0.9717534540994451,0.5673743629495152,0.055528550119587725,0.9811947664194742,0.40755549200255636,0.7188756513530827,0.6661462184538944,-0.24844695163229202,0.696227445349675,0.5287526352761788,0.9718269138601837,0.8911911577001428,0.9566571281576298,0.001831761218538775,0.91678662565199,0.003425231720465449,0.8188563720871731,0.002962123333861459,0.4500983581678766,0.9840679148225177,0.029724625916122665
0.7557271036195713,0.0418772840924642,0.9371269077850582,0.9965552067119291,0.944700287869022,0.12652409596323105,0.9221300887536208,0.4230759286195051,0.7100400333863784,0.4577844528877749,-0.2671707250967305,0.6375819744974919,0.5533553083310886,0.9975349837808759,0.9925361138481079,0.9582856255196162,0.0016166244468616513,0.9078751969251534,0.0032598861282565855,0.7255550514887057,0.00044481474204811835,0.43107292952011594,0.8364920063793616,0.046514696806283236
0.8236727783541491,0.17490089223624886,0.9589990130519234,0.9400324771712804,0.5151933481099673,0.024821842924245947,0.8217944596489776,0.2118199879230004,0.3184345290456103,0.6440271514498233,-0.23659880421910487,0.6529123863543607,0.5727271796948215,0.9924767909917663,0.8971301067417895,0.8972646044013534,0.0019733085022042023,0.9199161452622077,0.0007493593378438211,0.7946152777939635,0.00017475142409432163,0.29199559821677107,0.9661928897601677,0.033989865160873683
0.7557271036195713,0.05172613631950257,0.9362926489242017,0.9965552067119291,0.7913479429569065,0.036989525617952476,0.9221300887536208,0.4230759286195051,0.7160290310293369,0.6221846346247034,-0.2671707250967305,0.6375819744974919,0.5822779442163876,0.9886411451981697,0.9925361138481079,0.9577606079660064,0.0016166244468616513,0.9078751969251534,0.003230688275443509,0.7258954281589584,0.00044481474204811835,0.4343238575296015,0.8364920063793616,0.046514696806283236
0.8634117549946795,0.1164347655890195,0.8126318689187524,0.7333738817732163,0.6602938959065547,0.03464854927453101,0.5894174709637156,0.4120037183639925,0.7282003611639122,0.41341809199742563,-0.5342277965608104,0.7397456408112341,0.5791893522697907,0.982864696672401,0.891428387229442,0.9687205067432528,0.00016838859374306394,0.9117737206995148,0.0008577555767437522,0.7177482040595142,0.0028337100974547575,0.4798304761224581,0.8813847230683282,0.033315911657752946
0.9257255712900556,0.11684242801342856,0.9895703884844462,0.9144922398333716,0.727382675840194,0.05463566921393681,0.973098704657593,0.3918073215940633,0.8396961000828349,0.5944749211894997,-0.214445843544238,0.7093316913782235,0.6144283693272434,0.9907591707672474,0.9284888643230192,0.9590664737640482,0.0031213659701233142,0.9418541132834651,0.003221327532946103,0.7846921566415924,0.0008593645267357666,0.4380344771082725,0.9969888280179704,0.032954624752954936
0.7592062606068086,0.0660236218991134,0.8739821966114555,0.9581971714986269,0.7782170353019293,0.0369814185429628,0.620371627217801,0.21865779750609265,0.6769524042638728,0.584179308860397,-0.13197826486800487,0.5743855207340569,0.5007832402789761,0.9778849999942216,0.8835221462237507,0.9856979819437273,0.003374530244153807,0.8724014262374803,0.000610146485020475,0.7505855242238382,0.00010646155092011252,0.46225660154172643,0.8668512065618786,0.03390417314346698
0.7515026946294808,0.038956527816483566,0.799959337951332,0.910297328452198,0.8636837447629772,0.036762569927938596,0.8872695506331132,0.25461931713456776,0.7820792470545872,0.4997094244976567,-0.19356651271685987,0.6539954884494675,0.5619984552603732,0.9996283963448565,0.9053631437321126,0.9812578218733509,0.0003507479998324603,0.9719110722143353,0.0032656615381514726,0.7167559082224899,0.0006558810006430696,0.36815326741103216,0.9845362397771177,0.042121400868935274
0.7713841136188511,0.1907773337164858,0.8676173276926705,0.8689984935001414,0.4747836854896848,0.022892859159325953,0.6999215856006141,0.33275065571419343,-0.22894107971123734,0.13401668164809016,-0.9759634812207493,0.695201180806486,0.49163664979785276,0.972184930981855,0.8876528800722868,0.9388347234522524,4.028081554885912e-05,0.8560356970614732,0.0011307353938155927,0.8581793057349264,0.002340108054593961,0.34174930733224496,0.8746122849551874,0.03116116025884227
0.7648190923294713,0.17057529534803892,0.898259588264889,0.9244961166648569,0.5095563433814078,0.03659837153159496,0.933307763209632,0.1464537357904978,0.3425074482129098,0.08329244272674301,-0.18288810908032166,0.6120258176071534,0.4340495285793795,0.9962349593058013,0.9953279712599954,0.9727113808593884,0.0008839607114274623,0.6301281480806225,0.0011098719316993877,0.6805983526809896,0.0004894618988938569,0.2606466921568212,0.9945339640067024,0.032890617601271675
0.7728117853385615,0.057471276330635986,0.8035884064860012,0.9109486844096624,0.8636837447629772,0.036762569927938596,0.8872695506331132,0.25461931713456776,0.7820792470545872,0.4997094244976567,-0.19356651271685987,0.6539954884494675,0.5619984552603732,0.9996283963448565,0.9053631437321126,0.9812578218733509,0.0003507479998324603,0.9719110722143353,0.0032656615381514726,0.7167559082224899,0.0006558810006430696,0.36815326741103216,0.9845362397771177,0.042121400868935274
0.7607718623519875,0.19522365216684695,0.9834955803071024,0.7540719941495836,0.4941144598142098,0.038894829165862774,0.8729946203745262,0.25989545490597654,0.3506722060334395,0.16250516247992952,-0.3717019368368053,0.630606462279206,0.5066201430840693,0.9890989558095818,0.8926230831738291,0.9002093684103339,0.0006316399796507585,0.8922724549527263,0.0011110923201361404,0.723443327258853,2.529712363344861e-05,0.33941787995577455,0.8676000871799308,0.026600727164025957
0.8446353006750543,0.14321202288798396,0.6996351911262724,0.99409686880392,0.6215868463717837,0.04634032923548806,0.9263963957612776,0.2753956037369487,0.5523812213483354,0.6380158463008833,-0.3715230504679235,0.4146765403994337,0.5792208334876808,0.9847530219576536,0.8855047024551541,0.6949861242779392,0.0018476493045263,0.8832747084259127,0.0006265854417292598,0.7875341160619619,4.5213270914453444e-05,0.4464955736402054,0.9603428148667127,0.05717966293391894
0.9086732960256483,0.12793716616205716,0.8745656863451664,0.9069952311770664,0.7546903190501629,0.051631475625089164,0.611894900211082,0.4568695341234146,0.6693522801031979,0.5943950074894396,-0.25915774766978555,0.6926444319408273,0.6084422742075645,0.9997536740596786,0.9279387827433547,0.9752287078546775,0.001452118022586977,0.7556198195021987,0.00383656353871499,0.8063726875074494,0.0005595978400471907,0.43357044695344255,0.9411330835224146,0.028548031933544347
0.7617764267048366,0.053553673755316465,0.21720978648491612,0.9702040077077236,0.8709212859950652,0.02278982710438663,0.9406142436976817,0.18850303150397874,0.14011164064423565,0.19190591143671795,-0.8302972578226272,0.6602015290296537,0.6007522009722953,0.9788604343982511,0.8902280214564764,0.9496739115655572,0.0015938811818297849,0.5378486489239229,0.00021791586106838774,0.7212251786994266,0.0014462219774548624,0.3606897499185736,0.7935281200431326,0.046529866759038405
0.7557271036195713,0.0497049919453225,0.9362926489242017,0.9965552067119291,0.7920670856257623,0.03584822710479672,0.9221300887536208,0.4230759286195051,0.709147249910144,0.6221846346247034,-0.2671707250967305,0.6375819744974919,0.5822779442163876,0.9886411451981697,0.9925361138481079,0.9577606079660064,0.0016166244468616513,0.9078751969251534,0.003230688275443509,0.7258954281589584,0.00044481474204811835,0.45117444160721276,0.964069561073955,0.046514696806283236
0.8465394633347191,0.11316428704907491,0.7149561006165333,0.6393997023716257,0.6653371100589499,0.05463566921393681,0.9530387800602969,0.39071404904312074,0.7793381064095054,0.5046868751587466,-0.28342985688896666,0.639068966294842,0.5312821110071653,0.995902705946882,0.8901152507322312,0.89975958481029,0.0031208178789745304,0.9623076985577989,0.003221327532946103,0.7322370392625226,0.0019402037429021176,0.4631146364409904,0.9783532995051061,0.029799175403853847
0.9205802269141434,0.1131083883533115,0.9860095157131235,0.9717534540994451,0.6449511961076559,0.055946878119390996,0.8786521747930183,0.40755549200255636,0.7333545928454953,0.6172444677749876,-0.21613055865062683,0.696369938783964,0.5949915202830208,0.9979990891174562,0.880862733574804,0.9992241503511288,0.016113567444945437,0.9182202936377339,0.002154954457526927,0.8590070282822184,0.002962123333861459,0.43519439474516425,0.9700707192892001,0.029710227061414067
0.7592062606068086,0.046833962702223966,0.7859733573069411,0.9806276304296321,0.5568949626003823,0.03732557224800558,0.6157849705197717,0.11447631544144028,0.7064632847321987,0.408377390102213,-0.13197826486800487,0.6451764010180469,0.5032109209056781,0.9957833067101605,0.8076689624353471,0.9825259740824801,0.0003532431883385282,0.9044951979121856,0.010230371625835542,0.830426129500401,6.084001848755928e-05,0.3881569091041467,0.865183849328935,0.033207673156545825
0.8259039101543955,0.1115679568519711,0.9855374901395876,0.9720879234173037,0.651872717704655,0.036749883786894304,0.8863117085983113,0.40765146102752126,0.7655223202213036,0.5673143858689965,-0.20660768351359968,0.655058778908067,0.5312591213703227,0.9902374523996426,0.8848131669613848,0.9019045602555114,0.01864920894547966,0.9153033980236827,0.003203727523570054,0.7430255416714194,0.0072759797421700885,0.41184271643210707,0.9703669549518202,0.02972604119308956
0.8114416867794773,0.17494879698375532,0.8702982184507684,0.9688095212044778,0.49022943801136165,0.041930068505417854,0.609911528397613,0.5053308576787766,0.5880913249129659,0.005248626316533167,-0.48500340783666285,0.4724350050159665,0.5798576865536942,0.82380811000634,0.8959582593427613,0.9675888740359759,0.004367212678379753,0.9350285765837911,0.001488860755999433,0.8189228010443993,0.00010677662699655173,0.2511800341176533,0.9892195119659885,0.04597342223074486
0.7686450122817434,0.04251786270127026,0.9867841430871387,0.9690426258310754,0.7344140301655835,0.03674008109806594,0.6827028558670851,0.5001682861560244,0.9611504043625252,0.4943568857355652,-0.40652308731461617,0.7172360281857196,0.5811305162882403,0.9888993575533506,0.8891356077648069,0.9325971931939817,0.0030813882457183233,0.9524851590843997,0.0027608003779021955,0.7880715994919447,0.0006757202684341259,0.47712822005918076,0.9919430500323722,0.03392744882600433
0.8322008482534565,0.18475449359284002,0.9871467970482587,0.9893584750176773,0.502286665998188,0.03569914651161013,0.8917683338455499,0.43013753776661673,0.2011218700081837,0.6861926417238082,-0.6065603300649628,0.7149923639325607,0.600722889920637,0.9957891130901378,0.8959336789937262,0.9799761620767076,0.07469714550796477,0.9111471926538868,0.005938953549887117,0.8885943539751676,0.002568309389009902,0.28434641997754295,0.9530011631694434,0.04680537440439568
0.8386674692038232,0.11308971893116167,0.8712305976936744,0.7998400333187681,0.599737654457213,0.04559630614175188,0.5218458749482141,0.4128749944197845,0.7804206298522448,0.642651069404401,-0.25960314211572283,0.732581924024804,0.5068481145002122,0.9942634325075161,0.9118150104689573,0.9855526146764461,0.0018532286948688104,0.9746969310620304,0.003212132112342257,0.8070088733665666,0.002820935345105871,0.30183118191888664,0.9977965009742698,0.03293189476439345
0.9350562853604635,0.0829748435034662,0.8873631177293595,0.9453500327221748,0.7515729070919908,0.04585221798824611,0.8764973785970469,0.1638091936311938,0.5355914873550397,0.5780535250485999,-0.9189550752507707,0.6976385143234015,0.5718866821248823,0.9649165296752387,0.9281244544871864,0.9665477551279166,0.009130079016239152,0.9219968571345909,0.002891527168580263,0.7258819963905878,0.003021275223250831,0.28202080150764197,0.8794681434280702,0.04931526836150436
0.8160683969160781,0.19389425913058556,0.9912019944962949,0.8949220101303477,0.4993229100933515,0.037622163574384734,0.8843939236365425,0.02032530615976108,0.7891842082864818,0.48190116074133177,-0.25110961073629623,0.5736774446538735,0.5960030380612924,0.9851953901321504,0.8946636694968704,0.9819012048186645,0.0008912025707426252,0.9629566576573719,0.0015093496730178508,0.8032853870314244,5.318546073640592e-05,0.4009026885449564,0.9438227005251476,0.03462517620801738
0.8634117549946795,0.11857723073175902,0.914599661375249,0.7321290924368449,0.6602938959065547,0.03464854927453101,0.5894174709637156,0.4120136475921666,0.8433760883465256,0.5868767616624907,-0.5342277965608104,0.7397456408112341,0.5325492271746644,0.9834033115790047,0.8913900008876907,0.9687205067432528,0.00016838859374306394,0.9117737206995148,0.0008406835946606253,0.7663577385612851,0.001988067581269136,0.4798304761224581,0.8811526993247,0.051218967583368136
