0.8402740604109303,0.12763791544093428,-0.03742856511514863,0.30865893967926383,0.8373057283565687,0.6753911728561764,0.29481139246609855,0.058177751179605074,0.7693913642261501,0.24639712984412654,0.7116506190160198,0.48829339833908864,0.853714348862493,0.2261059081940605,0.64703561409316,0.7954627785199495,0.9170525256134496,0.9491120615555767,0.7486636938315054,0.7872985709476761,0.731852660571378,0.08193169817444358,0.7312547250353494,0.8106715934848863
0.2189044585497692,0.1250979694904683,0.5352659839554821,0.8151969761674518,0.9390663903869547,0.28005302533693366,0.9074578817516281,0.05794984710182135,0.8519318305599494,0.16245326684733566,0.3056878544627404,0.8558917206828397,-0.04060186108075887,0.4491339852485093,-0.19787700864775576,0.5686084451713379,0.9389407227484264,0.016787453939125823,0.6755802577904471,0.8815084413585698,0.6416468416082445,0.7051386197744198,0.39778743848078446,0.16283416970702047
0.2707753634950635,0.8739814077996066,0.5350444470140536,0.7277729112986021,0.9352338972206299,0.28209148517134464,0.9074578817516281,0.05794984710182135,0.8561392411269122,0.16318554777455013,0.3041846558559536,0.8579058373495582,-0.025337667995689823,0.8746985234555591,-0.35712587269678275,0.5686084451713379,0.8789429762501949,0.002603612366705456,0.8552168575549041,0.8793350574399776,0.9646692141208171,0.7020867129781866,0.3059955762453301,0.19768207758082007
0.2707753634950635,0.8739814077996066,0.5350444470140536,0.7252637095372172,0.9352338972206299,0.28209148517134464,0.9074578817516281,0.05794984710182135,0.8561392411269122,0.16318554777455013,0.3041846558559536,0.8579058373495582,-0.0023693772411521666,0.8746985234555591,-0.35630271305867456,0.5686084451713379,0.8789190566318428,0.002603612366705456,0.9383294089783427,0.8507549745854579,0.9881927001776665,0.7020867129781866,0.21272842695769317,0.19768207758082007
0.15311068722704996,0.11382573659329048,0.7030249842682783,0.7640161400097869,0.9517640774015519,0.3109788845092902,-0.3268087183302273,0.06340870635507367,0.8995075803498923,0.18761250318324244,-0.08063480406413105,0.7965981389450145,-0.09657506188137205,0.371859689321239,-0.22522171102234181,0.6062083356496021,0.7583303572686173,0.003609357010269822,0.8641108476147,0.3490795125059015,0.1724774262530412,0.7310271023006736,0.4635338895932303,0.13831663327395272
0.2200356038858148,0.2752410926850637,0.7437640216539675,0.805421894494036,0.9713120669900814,0.17174736630746545,-0.25860139617285083,0.035693910935868156,0.8460733716894041,0.20898533223384966,0.40170491152250126,0.9412217831064033,-0.08682431032700454,0.7030884121991583,-0.20623507475520625,0.4344571356277997,0.8607532639929745,0.009342089148274562,0.5949642745700217,0.45718491029882,0.17702869981516348,0.7283134489463617,0.27288168659968126,0.19289720291088489
0.2200356038858148,0.2749303026447322,0.7437640216539675,0.805421894494036,0.9713120669900814,0.17174736630746545,-0.25860139617285083,0.035693910935868156,0.8460733716894041,0.20898533223384966,0.40170491152250126,0.9412217831064033,-0.09616988445216948,0.7030884121991583,-0.20623507475520625,0.4344571356277997,0.8735223601847195,0.009342089148274562,0.6295303613147769,0.45718491029882,0.28633546014012745,0.7283134489463617,0.27288168659968126,0.19289720291088489
0.2449755774132164,0.8739814077996066,0.5350444470140536,0.849258468228196,0.9390464323034136,0.28209148517134464,0.9074578817516281,0.05794984710182135,0.8561392411269122,0.16318554777455013,0.3056878544627404,0.8579058373495582,-0.024953237207424095,0.9575285960155471,-0.35712587269678275,0.5686084451713379,0.8789429762501949,0.003413898727272581,0.8552168575549041,0.8796818605683615,0.19311022856150917,0.6407450635565459,0.411118787797399,0.19768207758082007
0.17327950578221943,0.9599270250452153,0.6596412249011018,0.9029443731375926,0.700382010943961,0.03510575048688422,-0.2329060896077789,0.09313841331039521,0.7703061299738043,0.20635900901756624,0.07926557180302407,0.7731563797586467,0.7776040218638713,0.33174044558433435,-0.2586210439274377,0.3879902082234449,0.876234118694338,0.00015045015881257442,0.2343289641251527,0.6040767765471193,0.09966123057453938,0.6190356935962893,0.015613936585175917,0.13201930512457447
0.23208585855963362,0.9186935002735599,0.681259153846749,0.9032040921778641,0.8811191847480877,0.030906415244814047,-0.23198841880872195,0.11110087540862729,0.8263000380124261,0.2135788590089033,0.22326673281552029,0.7723474778509517,-0.03935515644884967,0.2951565470434995,-0.2068887447103735,0.4080764468414562,0.8651070009516112,0.0026949285341244414,0.4196935493474731,0.43339765474157255,0.17563281291025973,0.697988333884372,0.044884485554456954,0.19598386141950352
0.18502807259682572,0.9182717568486716,0.6647530383212236,0.9029443731375926,-0.754524122349904,0.03510575048688422,-0.2301222311694911,0.07914817288112379,0.7717947137708104,0.20684343801064495,0.07926557180302407,0.7731563797586467,0.013707078797879316,0.32165082407598555,-0.2586210439274377,0.30266940946027643,0.876234118694338,0.0030035960846761496,0.23431480004870095,0.5977958995368878,0.09966123057453938,0.5916095345044111,0.050776212364225304,0.13201930512457447
0.3293012390858302,0.8223489228636283,0.7270907958274243,0.6734535058214874,-0.7446603089431484,0.18438784547427065,-0.26576683839672693,0.056561959453750935,0.878346137694513,0.22852413069607294,0.9665153995866232,0.7713878882678147,-0.12073443709212835,0.2720035482994629,-0.20837281411530095,0.553205130463692,0.9004207938318813,0.003223179463947355,0.6372573624051142,0.7607865001920251,0.1515031729072113,0.7326058864758421,0.2719896237493104,0.15760578730406122
0.18415246126010093,0.8224769139945267,0.7354441109815726,0.7920034687658023,-0.6563677349057432,0.01104966074250439,-0.26625618590271327,0.0040151219896503495,0.8790998571298907,0.23987036241004592,0.9654611584919015,0.7713878882678147,-0.1180233172137006,0.22430026300898648,-0.2073900860971587,0.5510663610043441,0.9007953589792752,0.003215384993852713,0.6404835102997335,0.7198588597689014,0.012954028476232823,0.435881619565034,0.2586184293707086,0.1371182533401138
0.15311068722704996,0.11382573659329048,0.7017750245510731,0.760665670449652,0.9353548473741919,0.07732698318094505,-0.3268087183302273,0.06340870635507367,0.8995075803498923,0.18761250318324244,-0.08063480406413105,0.7965981389450145,-0.15175332141244388,0.371859689321239,-0.22520760979441434,0.6065573291618186,0.7470733268588009,0.002911800544530974,0.873177677024741,0.3490795125059015,0.005536228984601363,0.7106407426884112,0.02463725202890718,0.13831663327395272
0.2449755774132164,0.8739814077996066,0.7466905297158221,0.849258468228196,0.9390464323034136,0.28209148517134464,0.9074578817516281,0.05794984710182135,0.8561392411269122,0.16318554777455013,0.3056878544627404,0.8579058373495582,0.06938550741690983,0.9575285960155471,-0.35712587269678275,0.5686084451713379,0.8789429762501949,0.0012842357127027318,0.8552168575549041,0.8796818605683615,0.19311022856150917,0.6361478050843752,0.411118787797399,0.19768207758082007
0.2189044585497692,0.1250979694904683,0.5352659839554821,0.8151969761674518,0.9390663903869547,0.28005302533693366,0.9074578817516281,0.05794984710182135,0.8519318305599494,0.16245326684733566,0.3056878544627404,0.8558917206828397,-0.04095649813193598,0.4491339852485093,-0.19787700864775576,0.5686084451713379,0.9389407227484264,0.016787453939125823,0.6755802577904471,0.8815084413585698,0.6416468416082445,0.7051386197744198,0.39778743848078446,0.16283416970702047
0.23365786086010193,0.9077848609192332,0.7329249798986042,0.7962493292119013,0.8811191847480877,0.010539807712805868,-0.5936737255315305,0.10980543166002546,0.8263000380124261,0.21460798216300278,0.22711891391291902,0.7723474778509517,-0.029363698292396996,0.27340964568073295,-0.17181788376852952,0.40791072611887025,0.8651070009516112,0.004220009986161621,0.470972576587151,0.43339765474157255,0.17563281291025973,0.697988333884372,0.044884485554456954,0.20115545241153343
0.16971789678760194,0.9599270250452153,0.6795395394910294,0.9029443731375926,0.700382010943961,0.034713056189150354,-0.2329060896077789,0.09313841331039521,0.7703061299738043,0.20635900901756624,0.07926557180302407,0.7731563797586467,0.7776040218638713,0.33174044558433435,-0.2586210439274377,0.38216539678782907,0.9785042821524816,1.681641012880918e-06,0.2343289641251527,0.6040767765471193,0.09966123057453938,0.6900049072924475,0.17373106159532842,0.15818653934883137
0.2454172502422901,0.9003208177798281,0.7443327416922667,0.8377741440488966,0.8811191847480877,0.1774454726240745,-0.23198841880872195,0.10980543166002546,0.8319598047214217,0.21461174151104487,0.22711891391291902,0.7885739347894337,-0.031577879698611776,0.8747065808165152,-0.21093563986422753,0.4311876024843864,0.8651070009516112,0.00426337315089589,0.5379922332739443,0.44558125020125533,0.17563281291025973,0.697988333884372,0.05268982093723651,0.20115545241153343
0.20765935643262728,0.2659754459128138,0.8579895111365506,0.8786300288061722,0.8811191847480877,0.013141236348225838,-0.4717459140888438,0.10980543166002546,0.8263000380124261,0.20625411980372477,0.22729113099436632,0.8985849457761216,0.21451374729688116,0.2951565470434995,-0.2068887447103735,0.4096459653899523,0.9870109949333241,0.009339779110894786,0.470972576587151,0.4646243217347515,0.1644444771202293,0.69598379224416,0.06351441825053669,0.22147941106350114
0.20174625520167555,0.8223489228636283,0.7379532116222084,0.8036637610404429,0.9678518419051778,0.044337416420771714,-0.2516919541982123,0.003913878475676237,0.878346137694513,0.22852413069607294,0.9368296882658316,0.7713878882678147,-0.1304024097165612,0.27188388306838024,-0.2073900860971587,0.48299638966028124,0.8481934983438958,0.0032273007843020064,0.6308830951750292,0.721365721445732,0.03356745611062276,0.6944495142564424,0.23157146127831513,0.15760578730406122
0.16971789678760194,0.4734338844064875,0.6795395394910294,0.9029443731375926,0.700382010943961,0.034713056189150354,-0.707514889579006,0.09313841331039521,0.7703061299738043,0.20635900901756624,0.07926557180302407,0.7731563797586467,0.7169736736813115,0.33174044558433435,-0.2586210439274377,0.38216539678782907,0.9775780749457816,1.681641012880918e-06,0.2343289641251527,0.6040767765471193,0.09966123057453938,0.6900049072924475,0.043883772572640936,0.15818653934883137
0.20174625520167555,0.8259754917840118,0.7379532116222084,0.8036637610404429,0.9678518419051778,0.043622100058765795,-0.2516919541982123,0.0033539246094498806,0.878346137694513,0.22852413069607294,0.9368296882658316,0.7713878882678147,-0.13032097929977818,0.27188388306838024,-0.2073900860971587,0.48299638966028124,0.7785219959924674,0.0032273007843020064,0.6308830951750292,0.721365721445732,0.03355035943451556,0.6944495142564424,0.23157146127831513,0.15760578730406122
-0.7216251325697044,0.22850257791484058,-0.01351612185972012,0.7760024428255405,-0.6546432261299365,0.025484428392878466,-0.2622147055454126,0.0040151219896503495,0.8790998571298907,0.13505778047557912,0.9291660383098634,0.7713878882678147,-0.1180233172137006,0.2722814839691185,-0.2073900860971587,0.5578369474968699,0.5142451109390238,0.0025353648973613476,0.6254270699543015,0.720408098744884,0.012954028476232823,0.435881619565034,0.020711082050520857,0.1888520682304845
0.27146093646623926,0.11382573659329048,0.7017750245510731,0.7269130615975851,0.6728350296813644,0.07723410840424318,-0.24782444238278445,0.08488481569002966,0.9052544325331122,0.18727047106516773,-0.07715687295420269,0.7965981389450145,-0.3385989715899841,0.2385253637763362,-0.22520760979441434,0.6055739415984497,0.7503282172384586,0.0029069461150592656,0.44796120062005645,0.29503781433790055,0.005536228984601363,0.7106407426884112,0.06415532840609002,0.11443370230202296
0.2660742958243194,0.9337305837241928,0.5761535226946678,0.7944750237076297,0.9051776115470985,0.009048136605757276,-0.25962904121606134,0.12920895322184253,0.8541933445491743,0.2390896992984982,0.07213057230413203,0.9581574025035953,-0.2063226716668135,0.24637978500893792,-0.2617102058581224,0.43519047660442906,0.9798221567531463,4.889359370525482e-05,0.3085888333844251,0.588157506284547,0.02556996160809042,0.6967414260674102,0.005450615972325157,0.16307008199975562
0.20831170103933855,0.08453450278095685,0.6960353924204044,0.8015540510340842,0.5349528656231906,0.01752312624556278,-0.47272351601338847,0.38058528132244673,0.8967549151635456,0.25981554170460996,0.2236801387477927,0.8821757156349987,0.03304073251457207,0.15754756711314583,-0.1418848490112497,0.5385592071650694,0.8856892478633795,0.003206145763880169,0.3148440649906792,0.4064607502844976,0.08805613267001,0.7030309155867573,0.3773395080144218,0.123641858872173
0.1802144484385437,0.2804624466587796,0.6779079376275339,0.6414881262489547,0.5734965460475556,0.06997904875929127,-0.05759731607042001,0.24417668383663638,0.7784989447110071,0.20606672510641316,-0.026480016971819446,0.7967842897861911,-0.3847660371317696,0.3756816404064807,-0.1325719732480709,0.45977267061533916,0.8413342751432191,0.0033340693888522337,0.2578254538045804,0.2879874876242836,0.0039067241631149455,0.6973628462023488,0.05499652940706852,0.13488458864438047
0.3441555606904026,0.044971943073044085,0.8667166005657589,0.7901373645277368,-0.5840484044834495,0.10138558762693874,-0.6495200836360607,0.15978970282698923,0.9052544325331122,0.17871874894544124,0.0682962928430361,0.7971432849950612,-0.4014214717420265,0.3344591079604558,-0.2177229249410676,0.43330240390994074,0.8760092829501498,0.003613602461686135,0.25968594420660396,0.5910560841177898,0.02718502166557346,0.7029819366312459,0.015433135397904247,0.14362078622940472
0.27625626467127995,0.8574020910029055,0.8240231264062078,0.9261045209142312,0.8742601774751086,0.35036090531123426,-0.24538503943638068,0.059785016048022055,0.7523000178606826,0.20624248480567017,-0.008995898565282105,0.8453425573183476,0.07088022529761495,0.22141469161706323,0.08968492643593035,0.3430460788674371,0.9595502469002246,6.73282575940906e-05,0.11685172265657245,0.8172832441553136,0.05393583769641096,0.6663474058062567,0.17870087282646757,0.2072350200958978
0.18289717945558584,0.32700530544080164,0.8232521743666971,0.7730431485582333,0.8288683258664236,0.06327637940184803,-0.8743907874477326,0.12853378788503367,0.673599873237218,0.12979998559889183,-0.007314945778901643,0.8471981284767762,0.5110261509130691,0.29281111202579213,-0.2878205107923785,0.2989268321573028,0.8569949843022288,0.00012962438511543743,0.1509808261436578,0.7478219413807827,0.008770058237178009,0.678846005489969,0.017173796450197575,0.16158828855252497
0.27625626467127995,0.30903111528982935,0.8240231264062078,0.9261045209142312,0.8742601774751086,0.35036090531123426,-0.26714961429274936,0.059785016048022055,0.7523000178606826,0.20623962643192068,-0.008995898565282105,0.8453425573183476,0.07088022529761495,0.22141469161706323,-0.25279799898038113,0.3430460788674371,0.9595502469002246,6.73282575940906e-05,0.11685172265657245,0.8172832441553136,0.05393583769641096,0.5975845568614059,0.039924074867738316,0.2072350200958978
0.42481891090272367,0.11701688478737166,0.8701773061920347,0.8043600563988921,-0.49313473295478427,0.009472498176663863,-0.5035627060819715,0.03904663241670465,0.7682726621068137,0.1805872963233639,-0.016606887717624592,0.986614466700249,-0.7029098050007586,0.3408360510997623,-0.3214763214803621,0.3963653088467445,0.5294026239475362,0.00539371013932508,0.4552622158956643,0.27123297940970925,0.003975547221247636,0.4794948056092793,0.004041042908958733,0.13125680455450128
0.13314460990455973,0.2217391587108825,0.7571183399857533,0.9051226233324672,0.8923803826136212,0.1906084384411278,-0.1717374694114903,0.036229045551673555,0.9212349209515406,0.20101880727260618,0.0032973372626675657,0.7873528455016346,-0.41831374524833514,0.4658569222682918,-0.16222608090665072,0.29977080237429843,0.8730815817845741,0.00199291361640777,0.31849043352063156,0.5859173590640616,0.00635202651937157,0.7159141891818934,0.061124924803707216,0.1349540467978669
0.16342247717962477,0.21281869660221975,0.6739844342418648,0.7775373374948769,0.9945169114620593,0.23497911119398557,-0.17124406318023636,0.24430851925436342,0.7732795585518427,0.21224627249107586,0.00209551491770431,0.7980575062919184,-0.6878260193938939,0.20362611150191653,-0.16222608090665072,0.560064478889207,0.9781452974417509,0.003169046253896888,0.25722740713452463,0.6011984902388898,0.008194679311830218,0.7257672517788143,0.060988014789118694,0.14392824784650343
0.30249862124137084,0.8541931369370988,0.7909356573001088,0.7761363678163395,0.8126296618015847,0.3525619390949513,-0.2739869018452055,0.11219328942871805,0.6709143626206377,0.12032926703805641,0.11084851908097235,0.7655823840482144,-0.10339646430719796,0.24484232952139462,-0.32526607963260395,0.2581740017598273,0.9663865674899489,0.0028812332675220054,0.13824810014243516,0.707001681022161,0.034486733873468456,0.6835016182149132,0.01704612045753899,0.2082159085516879
0.13809262547858717,0.024940481594520836,0.9995762443629871,0.39479801009896603,0.9469262978023782,0.0010783280272620502,-0.4539931198347221,0.06292798689242918,0.6499459737627032,0.13140009736408845,-0.061539246449635425,0.7856138451122735,-0.5541899095278635,0.469100267299163,-0.24259692666547794,0.29949100608448215,0.9145754471695384,0.0004892092282346925,0.13824649215099066,0.27614929716038916,0.007462790908567243,0.6438305360702431,0.02120117546475113,0.13881894184954646
0.300509189306297,0.8541931369370988,0.7909356573001088,0.7761363678163395,0.7834097805887126,0.3525619390949513,-0.2739869018452055,0.11219328942871805,0.6709143626206377,0.12032926703805641,0.11084851908097235,0.7655823840482144,-0.10339646430719796,0.24484232952139462,-0.32526607963260395,0.2581740017598273,0.8309256063079907,0.0028812332675220054,0.13824810014243516,0.707001681022161,0.000977532690687205,0.6440911570902405,0.01704612045753899,0.2082159085516879
0.13809262547858717,0.026080735499011798,0.9841103525656522,0.7800171621607228,0.9522175558399177,0.0010783280272620502,-0.4539931198347221,0.35763610949166735,0.6499459737627032,0.13140009736408845,0.0039908632527058605,0.7856138451122735,-0.5573233116069974,0.469100267299163,-0.24259692666547794,0.29949100608448215,0.9145754471695384,0.00044857856793876377,0.13824649215099066,0.39081107243056296,0.0074162278757637055,0.6438305360702431,0.06039430198414941,0.1657620193459386
0.1392357359995704,0.11497522471164912,0.6998303399499,0.6414569541427374,-0.5818886330836309,0.021994463445374392,-0.4147750361105052,0.13880150216067558,0.6550763097056725,0.12993923452729494,-0.07591282498018247,0.7726431554733747,-0.5605152599648253,0.223859534656812,-0.38566553243676766,0.5293066676675234,0.7525255879416605,0.0004113784346532299,0.12887634037698537,0.388234192969388,0.011716728653258152,0.6187238298587151,0.006387298688390462,0.1138472677761053
0.17457988146654496,0.4081616692912257,0.7857731691445078,0.6536425763421999,0.9236317675002447,0.06409274643551985,-0.4456549549415451,0.04498547697687066,0.6652448827635047,0.1299034433014248,0.08451238340410129,0.7608987311852242,-0.44425310742265445,0.26431710308482004,-0.15818170828270334,0.4175087364274696,0.9773542376603923,0.0008658826351081,0.22894551094695414,0.721465818483954,0.006523177273872777,0.6012666661419896,0.02335157314929711,0.16578305575092653
-0.022788336330712533,0.505016955793409,0.678998408621536,0.6536552920928757,0.49720453500527584,0.06146788146984538,-0.4686379506564178,0.08168592897220417,0.6535542186114104,0.1276279799740972,-0.04645948902713284,0.7594425243267416,-0.10933870526560285,0.18277829135736676,-0.48902880801731513,0.2721740005828874,0.846820915024214,0.0002894706332248079,0.22894551094695414,0.48386971448421434,0.006523177273872777,0.7085190929788837,0.0004655416612566361,0.1307453578788961
0.300509189306297,0.8541931369370988,0.7909356573001088,0.7761482754410673,0.6418282500777166,0.3581308844560103,-0.27794257805029265,0.02618810137957863,0.6709143626206377,0.12032926703805641,0.11513408556467239,0.7613229097505476,-0.43561218019680636,0.24484232952139462,-0.32526607963260395,0.2561915851177329,0.8309256063079907,0.0028812332675220054,0.13824810014243516,0.707001681022161,0.000977532690687205,0.7089733502793801,0.01704612045753899,0.16970082101447018
0.18659619381401032,0.526700015612168,0.8825953100199606,0.6578953199369849,0.8631088416046284,0.04070945994611043,-0.2474876664601617,0.04168317401594837,0.7523000178606826,0.20632703478769124,-0.04060353569370815,0.8432674750533552,-0.39415854462507083,0.22158098587546404,-0.18532106510952703,0.5115105755776539,0.9097365937729974,0.0028930160690255765,0.14251429579011826,0.8172832441553136,0.18564724965987842,0.6874680582782469,0.022918185869576856,0.15714236851450772
0.13593410225183591,0.5744915692135749,0.9509805759723464,0.7729278100321981,-0.48202492882713105,0.02298471956437617,-0.5161679301392696,0.03445723604916248,0.9050909350311699,0.206027042001048,-0.040674047721158534,0.7707059891306228,-0.1004986611349235,0.17143662526575787,-0.13723880304007055,0.32954737380305615,0.8739819917022749,0.0010366051974891857,0.08318791542919055,0.6969040755828401,0.014388272777614453,0.6859768198932469,0.011334098076887136,0.1993963322716844
0.2559887718903292,0.26759976089088583,0.8802911685384758,0.8114331447813499,0.9959687253077314,0.0034833355734999183,-0.32791874817676514,0.0030129582208506117,0.904771598076366,0.18126124138316987,-0.020821409551386925,0.7882687114181587,-0.05951626265210383,0.47320750467783823,-0.12286061046787201,0.24710252462637217,0.9158698296560415,0.00026960696078222606,0.14677956908303466,0.39592445339469884,0.004742466191046402,0.690387631001927,0.0008967613968693432,0.16746740780009772
0.10080977747725159,0.24756635680599354,0.7316473788557055,0.5133061431314928,0.35949121136523776,0.004842378580175235,-0.4330193069267386,0.0015138026509446748,0.9030400394722156,0.18071478929554138,-0.020821409551386925,0.7880118284475867,-0.07078610876842652,0.4755082923196143,-0.4805375800247797,0.27709678867912885,0.5285775311453708,0.0011908799438477419,0.17293354256666404,0.39490771508651046,0.002235601019854256,0.6190109808421929,0.0009229110107178289,0.07467319107553444
0.16598424580150972,0.2290542948141579,0.8053405791943595,0.6319704167234294,0.9941843182198176,0.04451397853117639,-0.38161922123084197,0.00512901427484589,0.9042932408079455,0.18071478929554138,-0.020821409551386925,0.7981923580741119,-0.061109992070152885,0.47320750467783823,-0.1202511075633649,0.21420093980291133,0.9580231721155119,0.001216236818688729,0.12457896185701171,0.40306145255689174,0.004742466191046402,0.690387631001927,0.0008967613968693432,0.18801480375396937
0.10080977747725159,0.18610098366860195,0.9427668372455623,0.48783515236286445,0.9025845707288428,0.010982579367911995,-0.4128108171668342,0.2543175134521577,0.9030400394722156,0.18071478929554138,-0.020821409551386925,0.7880118284475867,-0.07078610876842652,0.4795100347289655,-0.47821048307375913,0.2771723176223705,0.5312568735495219,0.008617575656080389,0.1988568423700655,0.39490771508651046,0.002235601019854256,0.6190109808421929,0.0012699663020730495,0.07467319107553444
0.4637446089213178,0.0286770904444571,0.8961740565097751,0.6014794254515291,-0.4808205879269576,0.2277964502036665,-0.21442474064701392,0.1398335075952301,0.7460493097737703,0.20393330673811183,0.008617617922995032,0.7949403922052312,-0.5925857482541647,0.2570367262716886,-0.18087854166716896,0.29168737054837857,0.9978562740013796,0.00024666372803940046,0.3827602345946831,0.6518840563011014,0.00016190311533906092,0.6643926982444366,0.0694764800973934,0.11502945381089229
0.15750965218721158,0.277046107969968,0.9358788585557202,0.8120658402837166,-0.6536072394250783,0.07606941474129059,0.16694421056621545,0.06407006014384349,0.7608187199944995,0.2067277987708449,-0.017775217572943456,0.8420795638092945,0.9425216725461234,0.2563018984085221,-0.011848394718990546,0.45104596086317944,0.9048745181455795,5.1327595224562176e-05,0.1670451281694162,0.6559205906075853,0.010257527102769906,0.6101340736494859,0.03638382029196351,0.11581764099443932
0.20980184458383933,0.20331604973736656,0.9862556287316554,0.6183664808388794,0.9905700307828484,0.03046279999211729,-0.4329803371063359,0.14335009205611604,0.90484781763658,0.1830013382137004,-0.032680969847589315,0.7882687114181587,0.2238946681005295,0.39457009768530116,0.0470298637154595,0.21676458547310695,0.5285775311453708,0.0021069817501732082,0.1468873998561757,0.39490771508651046,0.000985082671553339,0.692445265401101,0.0013285481954189524,0.1298567882764916
0.16046497041616453,0.2652557491827689,0.831889897871527,0.61963994391557,-0.7410462416406808,0.005642615510622,-0.3276200950908853,0.06678357827257196,0.9160806686194413,0.18302086139853319,0.0650896242690448,0.8919466531801535,-0.30268497710545017,0.23038369080330565,-0.19057478251473872,0.2922910221342839,0.9224329872592618,0.005479590133720272,0.20334911634312286,0.42855328277401694,0.027194464785233227,0.4684378137571963,0.015069074115201572,0.2861903081721677
0.18495472565711288,0.5051914625116851,0.9325239355082362,0.7966135434280294,0.8222388334277411,0.012381212229816918,-0.4989093926882729,0.08295934524745566,0.898511942137412,0.2059017838547347,-0.049475975034336594,0.7960054354068291,-0.0807711992930229,0.1944857575228322,-0.31278324676495206,0.4156720477767938,0.8859133494894167,2.0882941198345994e-05,0.1326183384283158,0.685381331011957,0.05867057081461462,0.5903263074830137,0.0061441345980318045,0.08136325340834234
0.3585144191151861,0.4755947711191951,0.8624405335019409,0.7995954936953418,0.6570876030580712,0.35319773808414856,-0.2791867913039213,0.18397253588749066,0.6682011897035935,0.11959611258756345,0.11805426554052648,0.7971962487482742,-0.2778278920550257,0.372959896110034,-0.3025166311027442,0.441518325385839,0.9945353798370722,0.00618012599424929,0.21676658977148905,0.7774494758673652,0.0007155870906908925,0.7123770220828616,0.053815069941386254,0.2973989372315772
0.25548599947542,0.2290542948141579,0.9391212737226734,0.5452623987585989,0.9085905658340039,0.019261724432481725,-0.43194367282251117,0.03858621537000168,0.9047692292467854,0.18071478929554138,-0.021861680334488133,0.7882687114181587,-0.35771301639802355,0.39118068104695086,-0.16725184183763747,0.21310779964412388,0.4311238960701528,0.001138644334674282,0.1468873998561757,0.36179544369737815,0.000985082671553339,0.6943662996416528,0.001235139587590163,0.1881900729823629
0.2597060551653224,0.27643577232145516,0.8000441517163779,0.79804072040104,-0.4976800993729397,0.008169542059882802,-0.4151860426612735,0.06977215281780953,0.9164532340089337,0.18249299645728373,-0.04232152364214141,0.9936533731429132,-0.11399635363230945,0.24519278085533952,-0.16931365342566812,0.28569933439347295,0.7933577254792162,0.00013984865302272084,0.13692135617295406,0.43317170793887094,0.0025542558097288942,0.46432687630157654,0.045748796831092106,0.2632815162392525
0.33142179917879405,0.8436806245700484,0.8108313315821121,0.8989451471808556,0.7270531157786296,0.020871302592989915,-0.32709501836792143,0.044762412654979725,0.6750709947508045,0.12142327950308046,-0.06433304995659078,0.83408610057066,-0.1675993929775646,0.2113916387238608,-0.3291792739767488,0.22631726938868768,0.9330736600958451,0.00026676341887315116,0.042415523202479745,0.552363913703476,0.011132718325262445,0.8624978863814025,0.00860389098011761,0.06746612775897223
0.30174671942353215,0.8608852012849735,0.7997347139910492,0.6202615427875989,0.8528762424919016,0.2592027803335075,-0.1102541543693794,0.12929221045294298,0.9163448170355288,0.2021369478804329,-0.03660112758757381,0.8449595313184366,-0.18770679442903007,0.2853981256147814,-0.8932987534078547,0.2698114224173852,0.9237629808609168,0.0013012807181251112,0.013478775908882846,0.9266176429534823,0.005855112156035018,0.6200900624853396,0.007262176105686165,0.07195906312550979
0.27242501031902067,0.034621103751404037,0.808229386920482,0.6125654673815587,0.2731289668295127,0.19742502810343826,-0.01123429937357355,0.3051729238609536,0.9002804311658348,0.209852880759801,-0.03268243387805979,0.7949403922052312,-0.42143286650116285,0.442507529937481,-0.8502007585582695,0.2936849042371057,0.8380864992335815,1.4103952024572684e-05,0.024733014140932957,0.7254830114279776,0.00024730073963588443,0.6643926982444366,0.06944132304047054,0.2406478675789599
0.33413796311780125,0.23036724450935808,0.4444320534618974,0.8010016072487144,-0.7831234486734004,0.3800500117028169,0.0055060717575132305,0.05932674530450434,0.8204970322003522,0.24031594313862198,-0.027595425860668227,0.9949223228863655,-0.09261622612297121,0.3722900865821388,-0.41736212247803317,0.2484151126292642,0.9657093525260817,0.002239725028967552,0.05248871254134101,0.6983034368684394,0.0014456060392132944,0.5396787695940051,0.020561276105186026,0.08498055836525951
0.2249705330038593,0.8467138453746385,0.8121137249841455,0.899358372417975,0.7046879059273088,0.020871302592989915,-0.5085118921830571,0.044765852824170116,0.6648652280036121,0.11423793108864275,0.0035898293162831413,0.8346455858583534,-0.1675993929775646,0.2113916387238608,-0.32076236925277873,0.274814604120899,0.8961826835368423,0.0007659170574829786,0.042415523202479745,0.552363913703476,0.011132718325262445,0.8650603969128566,0.00860389098011761,0.15017619893082756
0.2739459312918462,0.8867667382786193,0.8515492805654541,0.6725346229178399,0.8083376082236093,0.2861906935343619,-0.5667094389302854,0.056696708448801744,0.9139478659788297,0.20603754323139856,-0.015585647088353144,0.7893117316158716,-0.5853383259449566,0.2494663373863071,-0.2076382015059785,0.5020561239427787,0.9867877074666129,0.00010115404439653988,0.06779819191860073,0.6022046427805235,0.003942110968447633,0.6068050709576945,0.04727690071729474,0.17021153188198954
0.28153077800596654,0.4516185873136057,0.7776289838902726,0.6118308052970816,-0.43566312411205227,0.020256738864935175,-0.2392650217098911,0.0920867930096283,0.7408642837422691,0.20513398447044473,-0.03911676797552606,0.7720023616723979,0.22725967713384107,0.31636755363055347,0.09897165358013027,0.25394365378910866,0.9511502462396992,9.998913651031172e-05,0.07726719444396826,0.49835896779594585,0.0018496782475436527,0.6008942649970601,0.020261212416854024,0.1691810652854598
0.315790149691216,0.239868851719112,0.9358390063929813,0.6350484856584009,-0.3817599731639177,0.25319837282376656,-0.28066791392925444,0.15840270119713862,0.9161600607651073,0.21824299698646757,-0.06341909621756853,0.9121817702122345,-0.38741775693252045,0.39741752344872205,-0.45975995576967615,0.2816571957990225,0.9952159983498108,0.001348331816688599,0.08196080294351829,0.6866693981122393,0.026812937184755366,0.49228781423904217,0.03808430011068163,0.1893726104570272
0.30938366253663424,0.8856318769308655,0.9015186715752983,0.8129060638664534,0.8776334366108887,0.032041476912432726,-0.35670962680073487,0.15120556739658672,0.8375568717409606,0.2053613133936743,-0.03755692650795243,0.7868329357086786,-0.34069141682038884,0.3940759249801133,0.22638234867605217,0.29088088758964037,0.8545081291155597,0.0020279869651603282,0.005492972324696435,0.6470904977009085,0.00881777995843605,0.7244774766681643,0.004185056486166709,0.2547698657278042
0.2249705330038593,0.8467138453746385,0.8121137249841455,0.899358372417975,0.7046879059273088,0.020871302592989915,-0.5085118921830571,0.02696876212240997,0.6648652280036121,0.11423793108864275,0.0035898293162831413,0.7711984911046315,-0.17224830461069385,0.2113916387238608,-0.32076236925277873,0.274814604120899,0.8961826835368423,0.0007659170574829786,0.010051166733414073,0.49196562519842846,0.004461259089089762,0.8650603969128566,0.00860389098011761,0.15017619893082756
0.2609145916593081,0.8751973318259514,0.8120400090697847,0.8750798041175369,-0.5240463930656322,0.020669244773597977,-0.3219310502133819,0.044783318586363155,0.6591794741070456,0.11737669443878246,-0.0783139968557826,0.8270874243097741,-0.06356983200134647,0.2116334402842452,-0.3291792739767488,0.24416375871068702,0.9370608088886424,8.89895012569855e-05,0.020807598829979936,0.48201693944333746,0.010139357121299665,0.8614637275223213,0.0012400995205715422,0.24294718590689057
0.22786711104645319,0.8669012929875638,0.8121137249841455,0.9634804551247155,0.3816486821875511,0.020871302592989915,-0.5085118921830571,0.07057127842882538,0.6648652280036121,0.11423793108864275,-0.04128563612547643,0.8346455858583534,-0.16026878415908744,0.2387587948881903,-0.38287308272034887,0.2598320651864221,0.8961826835368423,0.0007659170574829786,0.005911810025793943,0.553541329325225,0.008163020904239367,0.8519457424652395,0.00860389098011761,0.04793394974014162
0.10111788727948352,0.1250340697314533,0.8682878980026802,0.5133061431314928,0.5298294791106795,0.006102679064632993,-0.44298998149832813,0.0015362915828255586,0.9030400394722156,0.18062389905610737,-0.02034318519478756,0.7852961996280244,-0.19323295721590966,0.2640602523868149,-0.48079677095851214,0.2597563278734275,0.9249681329627801,0.00019363478921904898,0.012216199050213015,0.37650028599600976,0.000541971803727774,0.6570990717616145,0.0012594782799168873,0.09443583447088319
0.18820876649938245,0.46557249410845203,0.7825599443160116,0.6228551723678816,-0.4243003460380217,0.031033157208007867,0.23524677591955806,0.009781521215811603,0.9008069818544512,0.18288979144297138,-0.03976549648282273,0.7982808457921808,-0.2353712214692895,0.20362687854744532,-0.415264547412313,0.21223871752342757,0.9922286399186088,0.005692744612556668,0.002698876291176308,0.4275244882546964,0.004562252733838291,0.5861525361393339,0.0030010643738649367,0.2631603639451076
0.22116669063953182,0.43607420854618095,0.9404269055880947,0.8230325274888878,0.9441341630091171,0.24934253244795634,-0.25621474045706966,0.35145572290815685,0.9050228615220877,0.20412781380260833,-0.039851308846590605,0.7856518746755224,-0.4154836322131126,0.023731450464401865,-0.12458032628358079,0.247870666498434,0.7367159526129939,0.00021127353925076762,0.01482087418174522,0.6136427846694313,0.005073692511221327,0.6610216552407024,0.014770106400660704,0.05078992342261618
0.3313868630460489,0.9202598700232681,0.8481376762609835,0.8750798041175369,-0.5279063263505566,0.020871302592989915,-0.3270693360077135,0.08754384446836239,0.6591794741070456,0.11888301150632725,-0.0643014813694701,0.8292196386872321,-0.044644229601084634,0.2116334402842452,-0.3291792739767488,0.24416375871068702,0.9328701926483358,0.0014208942417183487,0.0379836889172722,0.5744107407456774,0.011115523366849015,0.8605851771773406,0.0012400995205715422,0.24294718590689057
0.1122450588886976,0.9885987429287055,0.8747061502210327,0.5048257961565134,0.9621563952864385,0.006170155866164161,-0.27022654230897936,0.012958705289861282,0.9165483599995125,0.2300904872586924,-0.04047711770323073,0.735682492776112,-0.3391152621228104,0.38203586098989517,-0.3195727369486297,0.22646029633855536,0.920976728859375,0.00012790434070254753,0.02998905786594599,0.37745013778720793,0.01102667279543936,0.6462793793807957,0.00921704076547157,0.07257991523395788
0.2964824824742111,0.32886112325055417,0.8522146759633255,0.7693540831245996,0.8803195210132815,0.34078651024194184,-0.3514484635916435,0.3071649225105707,0.907060377033737,0.18258806822010779,-0.04057502978352487,0.7856368175744116,0.08277764491188622,0.21557092175000858,0.058954448715804186,0.2813910078071467,0.9272056199044885,0.00024767028054160575,0.02990285666990164,0.3662024599843896,0.0019600482495578963,0.5908489678797063,0.0020197056177550716,0.04880467592117553
0.33142179917879405,0.8191290822463032,0.8693983410028308,0.44583159776726555,0.6765854172039151,0.06299281872236043,-0.21301115452247918,0.06562229835101258,0.9078304931839539,0.20628206720739206,-0.022513162430718315,0.7787728993223902,-0.3029768494611039,0.20798798651918293,-0.1548761242684041,0.28756346422481416,0.97072348509179,0.0003144843266868986,0.008295885167831238,0.36048698200102186,0.011132718325262445,0.6779195792683456,0.008246126191442863,0.13974325537014015
0.3083193905906525,0.6134083056934633,0.8734689193240014,0.5065715377527705,0.9725204411538081,0.3601770540050242,-0.32709201803972604,0.09847263721359295,0.9233673701839152,0.2030679695426803,0.001708237874255475,0.7889245871313584,-0.19346670076853562,0.024472131656063073,-0.06812713776444576,0.3184436739929306,0.9957561222497165,0.0008654287985666699,0.012752776759519949,0.9471117321673219,0.00611264207914977,0.7969264281376837,0.06474964554172882,0.12543928592186374
0.3101022825237256,0.8862894924452663,0.870104637482513,0.8901592756583208,0.8845107184358196,0.4167033876956261,-0.24067840451233208,0.055062731780602114,0.9251844080125914,0.3214990835371438,-0.0004719157497628662,0.7877967404081032,-0.26862009231856976,0.3937736081391478,0.04642699069178011,0.08093215723897729,0.8518795729884008,0.0019207229003683514,0.005350631487352659,0.65001052313935,0.0006425799684663513,0.8003231451787834,0.023529074851256063,0.09098170640608169
0.31773437227023515,0.42008770974145926,0.8829770812348394,0.6194545105618285,0.7179173041621324,0.2967632235659074,-0.19791336505349374,0.09845954463809037,0.9510313978506528,0.20646822215051994,0.10740023579626105,0.8197721130960999,-0.16403280809329243,0.3920505393999092,-0.04900809781699329,0.31625360101546585,0.9240871844254144,0.002835233971866815,0.0075636470209951845,0.6914676651586837,0.006533747467857835,0.7241701211938849,0.02334354985897437,0.18093840114638174
0.3101022825237256,0.9226055597049708,0.8531667681869571,0.9432997080186353,0.8981170451468797,0.01902744350477184,-0.24067840451233208,0.0524654041113817,0.9247045838230649,0.3220022735459546,-0.0004719157497628662,0.8170304985964574,-0.271898851399622,0.4074409171910671,0.04642699069178011,0.638737196793843,0.9791292342709966,0.0019207229003683514,0.005350631487352659,0.6499571108527239,0.0006164895482460601,0.7065761101639415,0.011296179355461969,0.09123948152910538
0.33176797213953235,0.8887853353517271,0.8735232112264282,0.8670318653509009,0.8710155380373376,0.2962299633746267,-0.2077400469627117,0.34541917257175275,0.928020074568716,0.2053396198573192,-0.05005856351995112,0.8425409851438147,-0.34069141682038884,0.3940564640807713,0.04642699069178011,0.2944031866263072,0.8518795729884008,0.0019713509702901618,0.008913919762085096,0.6557748452541489,0.006038135125326118,0.7243782516114345,0.0020389955745496163,0.17023784875706574
0.2584327240457158,0.3039430582247394,0.8636266615690745,0.4625633738882795,-0.7500803820394112,0.053569846842931645,-0.3490824509553707,0.059645311196551476,0.7988287143828229,0.2092413551463004,-0.07154517236315269,0.961050031791326,-0.44611903207528836,0.2288530371912608,-0.330045239931705,0.20399718848763515,0.8538602241115819,0.00026623931950773807,0.007184979552781835,0.35428509090002697,0.06901356065549727,0.6167018434427225,0.007304192552657566,0.09775748846860106
0.39316283535078533,0.9223385631405894,0.8010922297362555,0.4852589070357014,-0.7431492968594993,0.028712057217573802,-0.14169362906124242,0.02203993078724123,0.8740670967811748,0.20745747376588425,-0.05504304205221098,0.7027923784054162,-0.6632996612600885,0.444487974609606,-0.8575633798718167,0.2531634328477386,0.7222189352639454,3.6419447513586184e-05,0.003033577038634758,0.6212216561342965,0.002970630211354939,0.5897856665568568,0.00984464082998034,0.05170585660066328
0.3288814039365785,0.18780796262726696,0.9774421900315,0.49684283534531304,-0.3926442086894887,0.021484634504241346,0.01821838610737604,0.10689820557982185,0.7959767305020966,0.20608382981857723,-0.04157317292504493,0.9316426968226637,-0.4087085159433199,0.19134497691375144,-0.06878380827301361,0.27035087070875696,0.5360534278871365,0.0019724215420109286,0.21674173147517428,0.3623081678575313,0.008276851465595066,0.6189449094845405,0.0016822571274015576,0.16179257184093424
0.39316283535078533,0.5325677361688907,0.8010922297362555,0.4852589070357014,-0.7431492968594993,0.028712057217573802,-0.14169362906124242,0.02203993078724123,0.8740670967811748,0.20745747376588425,-0.05504304205221098,0.7027923784054162,-0.6632996612600885,0.444487974609606,-0.8575633798718167,0.2531634328477386,0.7222189352639454,3.6419447513586184e-05,0.003033577038634758,0.6212216561342965,0.002970630211354939,0.5897856665568568,0.0016203748550422392,0.05170585660066328
0.22552167458129294,0.4338254915342823,0.9195377102066862,0.5646294489584462,0.729804406909826,0.24934253244795634,-0.6925736467781123,0.08903957350465627,0.9131588533017844,0.20535144657140458,-0.03513773586373087,0.8062794741765863,-0.4154836322131126,0.30616650187218647,-0.271767091185365,0.24505695263232122,0.9870232998210313,6.0732560662361915e-05,0.014759834208971886,0.6136427846694313,0.003342188838893696,0.6045243500895989,0.032314789114037686,0.2398070532671083
0.041722683726214876,0.004530640003678879,0.8524451521304298,0.5270472318046842,0.8541664948532213,0.2404517475092351,0.027274431628809964,0.01439474009254773,0.7586001119779704,0.219464976470135,-0.019923085534499903,0.8988616598339273,-0.16550427639854315,0.41940968163845394,-0.3383324643573268,0.2675754910224362,0.4707475766411679,0.0012833425105715892,0.07190233035077415,0.6973774146623196,0.14381507842995508,0.4949242343393685,0.010945443637773198,0.19462540878764692
0.31544804518502084,0.5181566231099245,0.7256844595890801,0.7896779318654097,0.9859806817218495,0.08416002628576377,-0.549884243130521,0.0872520253704334,0.8990175927405641,0.20610397342792264,-0.04978535023574146,0.7830643595079319,-0.34364674925876815,0.2000343291317476,-0.06216644131753252,0.08583787695392966,0.8198965789478556,0.002097841950493514,0.016739032726828737,0.6493336319921701,0.002426873398331219,0.6519741567674158,0.001112653454790163,0.1824327673406624
0.22100192513235886,0.24876715327952964,0.7440557616864818,0.49640064841594506,0.7631239018653975,0.018370323802560096,-0.36043114995566705,0.3106897250094993,0.7429948488155491,0.1840921213566087,-0.03908883385282559,0.8667825006252456,-0.3449637112874444,0.025347773261196416,-0.3649199604498365,0.40711373388164834,0.9661519936405716,0.002903592669845679,0.12297330895142956,0.42883152920593853,0.005401956277072015,0.5835563929889164,0.029343111990313774,0.16065440480635088
0.3107271055050052,0.24971546790354635,0.8973034059814127,0.5241885268804258,0.4457698999744706,0.021212266063477696,-0.24875191635196417,0.19496813291703047,0.9047669709549914,0.20406247663321517,-0.05801879044990464,0.7860563450200857,-0.38211036058567005,0.210678260931925,-0.5224588839578754,0.2581886421006151,0.8502503604484433,0.0009011045458081876,0.00031610048883931596,0.42939265846761016,0.0023389404957924647,0.5986322433985728,0.0030373596283450374,0.14036443781923108
0.1845023355022853,0.35731518007715835,0.8569517105875734,0.7710779182074521,0.2845723241549843,0.022298336049280908,-0.1931425507638741,0.205585107572193,0.8995495099057039,0.181938890168185,-0.04057502978352487,0.7713610370031343,-0.33935858387080353,0.20734648240854192,0.015283273146930842,0.28363496133448435,0.9284619352064986,9.280992952312871e-05,0.04202888352655898,0.3980955433782897,0.006037760965356492,0.5482597920786509,0.0008163763780708707,0.06751332570343274
0.16298713745668864,0.8370050260738673,0.8851336198420087,0.6262069761027171,0.863071431448794,5.4146846146983785e-05,-0.26059180328750753,0.02610368822628406,0.8974153691877742,0.18438414453871213,-0.041102919313117964,0.7666607742732754,-0.3417762842526695,0.10466606530734276,-0.0597125806084232,0.2602421271687269,0.872474285032741,0.0007617311300301319,0.027385691092403863,0.49140903552859966,0.003524814644298702,0.6210943434692346,0.005685745751259829,0.12332785906433391
0.17570415476300538,0.33999675018916764,0.8028377468851808,0.4877863498899065,0.780616331227017,0.02044531952606053,-0.6148575657942463,0.14340295025866295,0.9128111759620985,0.2000274947777065,-0.02941641557913846,0.8220374679009079,-0.11183120899636614,0.20154412976653707,-0.15463118055356503,0.20198534197890558,0.8483642353278699,0.0009299011827779915,0.0023399264881567945,0.6516293761471766,9.661387321086012e-06,0.6243328582146025,0.0015877721730455053,0.1611362879236468
0.3167851782191738,0.5109252013455495,0.8497905813482565,0.9207508924837339,-0.6981865263146294,0.039413595707147475,-0.5976808463036303,0.06808126622181243,0.9059722779169995,0.20597061847362777,-0.09230076246702547,0.7729786934645384,-0.519000510421328,0.5031543703706435,-0.15503163178870127,0.2062325473421998,0.9484550816344006,0.0009997202242540914,0.06736973367699413,0.6530642934884422,0.01135948894360998,0.7107464043960277,0.001650447733124969,0.07278037424664062
0.32694892862048436,0.394426905266673,0.870104637482513,0.5057076857298414,0.4797159079597858,0.033312695200372985,-0.2485291013224575,0.15587410303909321,0.9251939860190853,0.2056758166619353,0.0019698085404428953,0.7667335485269707,-0.2957406984011671,0.2987872073808058,-0.49410217162136927,0.27141272818581885,0.8530057095991735,0.0009067068675370034,0.0005150691163265052,0.6095629384434609,0.005415214745769083,0.6283682371761214,0.0048102570450648495,0.09123948152910538
0.20095272978724688,0.9189678535279597,0.9512415759841725,0.613750693457023,-0.6453537588893672,0.002741280224692371,0.2937690228662504,0.05601092679590608,0.8740670967811748,0.19114797080230492,-0.03203513774995656,0.7027923784054162,-0.5447847355657417,0.20692442371587857,-0.8626012190236642,0.2531634328477386,0.8059005623295512,5.838604665269354e-05,0.003033577038634758,0.6212216561342965,0.007204682512373443,0.5897856665568568,0.0020324882718366,0.061883330642203735
0.09811321303702375,0.42509463549684995,0.797759499275843,0.6137358432253119,0.7912435213099354,0.012492027671217066,-0.21402512072300295,0.04461192900937873,0.900258794155927,0.18062389905610737,-0.036638672180449104,0.8449656219661837,-0.10870704038132656,0.3946508134777879,-0.6110289289984367,0.27694093201788555,0.9222437977333684,0.0009592707840590295,0.008914558074295878,0.3351364746409248,0.008646688735565414,0.614820628007861,0.002619580500328046,0.19171527113091555
0.246265767549244,0.9993640289595178,0.7852232193139589,0.635870617713131,-0.6794900722062192,0.07447900426071002,-0.4837153913670535,0.021059846429322942,0.9289280212681835,0.2054945135895431,0.09521405843034263,0.9291877751293485,-0.34849491305583574,0.040673109478106706,-0.01594114646088296,0.2403992484037034,0.9220625921342774,7.625091936710386e-05,0.016502109066377363,0.6248189321503597,0.0007679930072060847,0.7118658363041798,0.001202200987546986,0.044604004630441174
0.24333298968335787,0.23425759938639618,0.870566052481176,0.4474898067039106,-0.9145893325466556,0.029062486857146214,-0.16284534011823656,0.15048228214129322,0.9151997620580433,0.18455804087289018,-0.03830229793974656,0.8780266532047843,-0.15002080735492934,0.17640606439167364,-0.03359102916872658,0.189504923493203,0.9716537643332491,0.0013282712533553458,0.0006853393686331805,0.6379704923275296,0.009203705770599943,0.7148860919013775,0.07719265190317556,0.06478593896458057
0.4240688820175199,0.8422218655604276,0.8858968030818355,0.6262069761027171,0.8615371110329212,0.06712820894199253,-0.19920159534945917,0.14259046136035874,0.7840492604282068,0.18438414453871213,0.12001786659774594,0.846132233799111,-0.3417762842526695,0.08994145438312597,-0.058678564175726346,0.05736270715515501,0.872474285032741,7.798363294355613e-05,0.00570207775945013,0.4872358308956531,0.003983010094815472,0.6210868222082138,0.0013814416864033098,0.07318593040401908
0.31252968621649085,0.8713483793055733,0.8600226911925725,0.37886921923572314,0.8619893687822302,0.030900130044115782,-0.16235557040949236,0.07196048565768008,0.9235107243125591,0.205234003485161,-0.019249562048869132,0.7873294566210992,-0.3364823831668839,0.16889732104070534,-0.34916566088096224,0.28505709196187223,0.9714108231618412,0.000279058048608941,0.0004698233014795864,0.6492095514967882,0.0008860964230721947,0.6585269813904439,0.004080279113399449,0.18153154924084774
0.16046626130638225,0.4170069672796362,0.9208192739105785,0.6243283120462626,0.9000969887518787,0.09300825339698211,-0.175962120970516,0.06157899690392829,0.930040946001327,0.20536322276387786,-0.03910928179834033,0.8195969458938589,-0.20481785973922204,0.1862603235394038,0.06167691168715364,0.1790868133516708,0.9827511439675934,0.0028463756755009455,0.00973344447689728,0.46216835876672163,0.00592879016105238,0.7020184465091418,0.01530207731043056,0.31376898667460523
0.3192586773676145,0.4365285762330944,0.8829770812348394,0.48293672181353886,0.9937335736976164,0.0039384715466639734,0.2776027797854721,0.003592849490495823,0.7624676036775629,0.20541429143232554,-0.06466626110543014,0.7787165032846615,-0.3846228352364529,0.3121451417609916,-0.9004504715776123,0.3014804043256986,0.7887193451911227,0.002040339092939877,0.0017014857428732334,0.3743302152024448,0.0002520532843661846,0.7048360907248503,0.05055994059310712,0.11739550865758745
0.3173980365030204,0.5173816596749012,0.8086028263427805,0.9207508924837339,-0.6777811258233557,0.0725370625223898,-0.6107574917009473,0.07000406234053946,0.9071762949439633,0.20530232033999019,-0.08283450697870103,0.7919388292273007,-0.22011133506079422,0.49825537340838144,-0.16202375767524602,0.3372807220343246,0.9484566700084714,0.0001620147562050408,0.0003567312452082694,0.6530809202830137,0.0029283435209664513,0.5805402228561024,0.005124832823031561,0.07278037424664062
0.3895497059559589,0.5107410032004633,0.8711480439064587,0.9208112397103075,0.8253607215752947,0.3283327172627982,0.08546899744052125,0.02253156956864875,0.873760606903576,0.22398247149201006,-0.022924443059793513,0.6715539524195985,-0.5355733899661215,0.09072121255450277,-0.12626263153038686,0.2665674868488009,0.7179799693245972,0.00942356839451019,0.0032721032179037902,0.7927996647708926,0.01320158445421302,0.6213054545786166,0.002206985554627101,0.05903321843273038
0.3070741363129982,0.964288282457822,0.9141266222024262,0.7317794027079878,0.8064223498355915,0.0005336525617131715,-0.1435969797158842,0.13193280100073743,0.9281366118407856,0.2036776248101898,-0.01813252362941599,0.7971379434397019,0.07204711822248083,0.2956038067261248,-0.8731606945792307,0.3957238890357831,0.8302274784653966,3.290300331061568e-05,0.015978526877521285,0.5989966410042292,0.008025139684643603,0.6689326034152919,0.003955879986030374,0.1890531538134366
0.23962671797042495,0.3808027988362846,0.8829872257219515,0.4726195468738485,0.7107764696301021,0.23287672922658967,-0.30888784516922657,0.07264072391728478,0.9059476344902214,0.207294101983988,-0.05982446922512612,0.7860666891887526,-0.3130875006956699,0.29174158526981553,-0.711224815636675,0.21777283414525467,0.8684759555995534,0.0014766828573220194,0.0028592988134256148,0.6030348118505884,0.0014551588454638931,0.7298690890815626,0.0017437735230557607,0.08916182235254651
0.2022295405916744,0.3774059292673004,0.8695610860446742,0.49523948516765237,0.8759480642405947,0.13051605478078815,-0.24534543454962676,0.06954098152773369,0.9056550239832628,0.19170927264654905,-0.05005856351995112,0.8181755061767432,-0.342325437358053,0.1840659811885001,0.04467846648827638,0.29414207888630123,0.8276263732503732,0.00031372460219303896,0.004133495454245191,0.6961622882528616,0.00392413994223197,0.7026280700844252,0.0023069563856303954,0.14509365748315187
0.3895497059559589,0.5107410032004633,0.8755944605137969,0.9482999976368915,0.2704118318476397,0.07827350360644132,0.08546899744052125,0.02253156956864875,0.873760606903576,0.22398247149201006,-0.04132869653108122,0.6768800972395391,-0.6483716007413791,0.28444263500987527,-0.01648971730990202,0.2665674868488009,0.7179799693245972,0.009144841759415993,0.06859891760473916,0.7927996647708926,0.0047904354308234455,0.7082892399392194,0.0022404588810761225,0.1276844816058006
0.15644070674157923,0.8407011345411766,0.8063228663126949,0.759729688937536,-0.4846612661825706,0.25922254530748445,-0.07524870874895447,0.1033485398758569,0.9230318278363979,0.2056605311723642,-0.1132643983537733,0.8162318563321848,-0.20392855529084558,0.10080280982443954,-0.11933601483318572,0.26033359451806326,0.8722157566586856,0.0008683096028902537,0.013645102262811279,0.4085641988595224,6.85508364328671e-05,0.5779713462744005,0.0033544809130990443,0.15788603313199176
0.23710212522466007,0.9684030138775636,0.9977436035285964,0.7214119922022527,0.9484014445534981,0.34317257334942847,-0.32054537351149204,0.06115224318103277,0.9277014549674589,0.2053922132057747,0.046290228662480074,0.8022742150203532,-0.5282301348207796,0.3199814561518717,0.07226198838097073,0.5178691328270835,0.9581189226826672,0.002653500113997064,0.00752277403529498,0.7022911721949594,0.001330399374676394,0.6967268836995414,0.022073208667709093,0.2549830128736573
0.35632497533453933,0.5062277145755966,0.9245549007869511,0.415673775177952,-0.7479479438110448,0.18958103423877898,-0.5325927378434796,0.14131785796251076,0.772879941361996,0.20640617331733943,0.0024220450794215087,0.8196788364320401,-0.17308303675112385,0.22520166137671374,-0.34563964169583844,0.24405086510201646,0.8824023770901056,0.00018599086520471812,0.0002250784015617839,0.49149049783433346,0.0010316320265096077,0.6174502174246841,0.011400813113962092,0.13481339268266732
0.16435816278309637,0.30525146666895697,0.8816613375196612,0.7872801452167716,0.6888337791980679,0.06639322970820792,-0.20117116245041544,0.0860654345626381,0.9064584524041701,0.19385241461463776,-0.039862291934639846,0.8086308838251075,-0.4162011763408622,0.44762626442588815,0.0008246557710734348,0.2425645267435139,0.7353211992105815,0.0020384885885735855,0.0018271189901938184,0.6229465882246967,0.0032947142469964014,0.7238439367119881,0.022310967356554398,0.22379058238983351
0.3127092017946313,0.8737769751342319,0.8600226911925725,0.5230906448951412,0.912359172835924,0.02431466560734957,-0.436877542533482,0.017302949705131403,0.9277951666033448,0.21064822331626717,-0.019249562048869132,0.8067901340522143,-0.3335968114658079,0.3015792265807573,-0.18957701330822005,0.2686355548548327,0.574514125130487,0.000279058048608941,0.00046138315455196747,0.8068401737819408,0.003664102788489663,0.6678955506494103,0.003820344005361971,0.16822322090259728
0.34996793534659887,0.8508133256103546,0.8695490958046347,0.4924902393240153,0.8619682949322659,0.2637427215270864,-0.3041034502257955,0.018688244725598657,0.8989711826394154,0.23078420384761975,0.11128059463542368,0.816350223875703,-0.10728826548920514,0.20378108206260825,-0.12806954247178218,0.32566756482979947,0.9721008863691379,0.0002837367589512252,0.004180355970049286,0.6183763494114871,0.0066231601065057455,0.6524499778154716,0.0020389955745496163,0.13396759489023324
0.33485099760125636,0.987549168062728,0.881742312987525,0.5272747206830715,0.8754803503140044,0.04378638360810869,-0.3179124030069798,0.02203993078724123,0.873760606903576,0.20480927547422817,-0.057702314947724626,0.7871331966210967,-0.31211879773395806,0.916081730527358,-0.11363993885950702,0.19123358586709538,0.7146477577294994,0.0013222719745757281,0.0013274643891775179,0.621642727841875,0.0028883635733793116,0.7238897837345833,0.0013997555190828981,0.2414542919796394
0.3725518902527259,0.9065616167840627,0.8641386489260345,0.483332826018398,0.8543333778792209,0.01115361839234913,-0.1593484222193987,0.0719359231378179,0.928020074568716,0.21342432112266446,-0.019249562048869132,0.7875733150521173,-0.3364823831668839,0.4928190250691672,0.0475258283368019,0.27566571642271387,0.9714108231618412,0.000130598973484448,0.015160023833968249,0.6424377540095837,0.0038393191172994435,0.6585254183549697,0.004080279113399449,0.21148935560532528
0.17386728287253558,0.946169357589732,0.8702130504247226,0.6148071253142949,0.8776437904309444,0.12830935868802684,-0.04834348461603985,0.06649698006516633,0.9550004590632413,0.20428945447898522,0.02455272668986342,0.8282484070705649,-0.32693528202361505,0.45259527416453776,-0.04005803528692406,0.2859840494621194,0.8733826134194027,0.0002886648469609632,0.010995700063084583,0.6762864106131723,0.006626713863795446,0.706276468290047,0.005506119758339447,0.05080208184653123
0.3221606208251658,0.3541214993853799,0.871174904305091,0.48512360638020063,0.6610475192492462,0.2186496231243018,-0.022354100956023804,0.08104773630091369,0.8746947399168475,0.18784070112987347,-0.03875257485298274,0.7802014937107115,-0.459457549202337,0.4833121224990813,0.0031713724278726197,0.24596060991632276,0.991741932932237,0.00020302728799520954,0.001393270317414327,0.6997481248300585,0.0018712737247925317,0.5894987144468707,0.00037974931705880735,0.164767449166409
0.3716266785482993,0.9910941292837429,0.8588414813378638,0.7175403581643598,0.8675211597768869,0.26448138715409264,-0.3006082449319369,0.08547668975424177,0.9045526907669311,0.2217069574081736,0.48855208464573563,0.7892092413040797,0.42015990867536,0.30118180885031154,-0.0664611752882325,0.22815762285752464,0.9855174105075043,0.00018007458819137577,0.011374870043134169,0.6402873224759018,0.002958249524042594,0.668683742827451,0.004114889152620163,0.12476134635056765
0.24234748543520931,0.23425759938639618,0.7272957228214916,0.568933229201362,-0.8845442674099042,0.0069549022347323046,-0.6078573903891411,0.013308364547189457,0.9051014097029543,0.19272142190813218,-0.04776614353985418,0.8747361201736529,-0.419040746286895,0.17708324522523278,-0.8202052479870142,0.055098691348233864,0.9616410144308166,0.0013282806480101504,0.0002962764517962452,0.6404883042575434,0.008796870417554394,0.6728278327875751,0.002309346369063263,0.13071670438863361
0.13311169356100866,0.35516031214425414,0.6490176860033884,0.759729688937536,-0.9517410601450644,0.25374753214903256,-0.06600871872794598,0.08339741006628473,0.8959724163321715,0.20955046538665575,-0.1132643983537733,0.7552427309993408,-0.4354730481323432,0.10080280982443954,-0.10487332031915322,0.2401282147871943,0.8722157566586856,0.000177003849068065,0.010166460589465968,0.4085641988595224,6.85508364328671e-05,0.6888258756854199,0.0034687990119638013,0.07148270685916612
0.3365564790295434,0.9029420072925068,0.8610180376870089,0.6464762879702799,0.7093592625122903,0.016194446924773703,-0.3217099855596325,0.08590822337194948,0.8651002105640851,0.22345993944954165,-0.023241191973807734,0.8760036113357443,-0.4720467095182107,0.052802114826813705,-0.20338217061188946,0.21712225531375298,0.9855174105075043,0.0018820672384799284,0.011374870043134169,0.5754506874817912,0.0022230080752748925,0.6590336265860902,0.0003707722843947843,0.11988029860436877
-0.034347985516289425,0.22683075408444087,0.8387375943846876,0.41583717131883025,0.9171385151041331,0.28076792562383124,-0.1954160338212833,0.1546007792837294,0.9281369083036486,0.206073351729599,-0.0010808585388385333,0.804506845037782,-0.1831303165231858,0.47387980733691604,-0.8471071608121523,0.2924557226617794,0.9983677482713347,0.0009015618675844586,0.0005621585312224758,0.6588659465519767,0.007066931413314919,0.7158193384069494,0.07719265190317556,0.08916968998780142
0.34996793534659887,0.8660261222658239,0.8695490958046347,0.4789255322530618,0.8619682949322659,0.2637427215270864,-0.3872290603000611,0.14406849019382736,0.719322482715946,0.03532162699569118,0.04648516724173382,0.7855352660247339,-0.10728826548920514,0.1474787765535264,-0.12806954247178218,0.32566756482979947,0.9721008863691379,0.0002837367589512252,0.00030612266038053566,0.6176095391408014,0.0066231601065057455,0.6944064018490091,0.008153824664853457,0.13396759489023324
0.31490580814758873,0.4122800508351088,0.871174904305091,0.7985650408095134,0.6825133324957205,0.024276164573885553,-0.4506921730037779,0.08253738269885652,0.9063837453058176,0.18784070112987347,0.024062476920240952,0.7777594702503849,-0.3140838394984686,0.4833121224990813,-0.6060437571347408,0.19813906438384707,0.9969218312437422,0.001794470086129788,0.004099268905285981,0.6997481248300585,0.0017689597479848104,0.6186867870091548,0.002818537309180708,0.16940390892610446
0.3722145236868395,0.995941063247683,0.9623656818484012,0.8718969476731467,-0.916754761852296,0.12963595829176666,-0.4147056537339179,0.015637867061398796,0.9287010572228045,0.24832608212615612,0.10485884337502947,0.8146804267019214,-0.21854229437032147,0.15492335724933076,0.002525006339616248,0.23227718229472583,0.958593668102431,0.002101180398712287,0.010787839128895702,0.6433546243035022,0.02598135805508635,0.6083024320055228,0.0012561919941783527,0.18124706867755003
0.17657206523580465,0.8330504369568046,0.9216400572389235,0.5064702687932907,0.8890321299521252,0.18958103423877898,-0.3158983456855122,0.14173033320437856,0.775995438319345,0.20664459230549884,0.0024220450794215087,0.8196788364320401,-0.17308303675112385,0.3924711960553775,0.029004302385073767,0.24425317367052082,0.9645493674244837,0.00020776758692922146,0.0002250784015617839,0.49149049783433346,0.001349194879038089,0.619818035028062,0.011402527302334708,0.13481339268266732
0.2249705330038593,0.8467138453746385,0.8121137249841455,0.899358372417975,0.7046879059273088,0.02104908270966653,-0.14033575221062936,0.05629230211335623,0.674860775120728,0.11423793108864275,0.0035898293162831413,0.8346455858583534,-0.1675993929775646,0.21732865205944188,-0.32076236925277873,0.274814604120899,0.8961826835368423,4.319393930264355e-05,0.042415523202479745,0.5506359038659981,0.011132718325262445,0.8650603969128566,0.00860389098011761,0.15017619893082756
0.22100192513235886,0.24924676966985979,0.7440557616864818,0.49640064841594506,0.7631239018653975,0.7409700858883428,-0.36043114995566705,0.3349675007674582,0.7429948488155491,0.1750416336352432,-0.03908883385282559,0.8667825006252456,-0.3449637112874444,0.025347773261196416,-0.28278824439207373,0.40711373388164834,0.9661519936405716,0.002903592669845679,0.12297330895142956,0.42883152920593853,0.012880927601306824,0.8532873138196433,0.11231325903049927,0.16065440480635088
0.27625626467127995,0.3175557728352262,0.8240231264062078,0.9261045209142312,0.8742601774751086,0.35036090531123426,0.26412727042924766,0.06439031512892862,0.7523000178606826,0.20623962643192068,-0.008995898565282105,0.8453425573183476,0.07088022529761495,0.22141469161706323,-0.25279799898038113,0.3430460788674371,0.9595502469002246,0.005686703634009796,0.11685172265657245,0.8172832441553136,0.05393583769641096,0.5975845568614059,0.039924074867738316,0.2072350200958978
0.31681279218904257,0.48246499168724377,0.7440557616864818,0.6764456759085532,-0.6998676203521828,0.018370323802560096,-0.3608173159934922,0.25156000859456173,0.7436433523356716,0.1840921213566087,-0.027432826190055846,0.8408258773022729,-0.3449637112874444,0.4896928367899201,-0.2983053531283929,0.40866170188551393,0.9491156621320473,0.0031243961483048673,0.009676538403055095,0.42883152920593853,0.005401956277072015,0.5835563929889164,0.0037691029093435274,0.23352675976231926
0.18289717945558584,0.32700530544080164,0.8232521743666971,0.7730431485582333,0.8288683258664236,0.06327637940184803,-0.8743907874477326,0.12853378788503367,0.673599873237218,0.12979998559889183,-0.007314945778901643,0.8471981284767762,0.5110261509130691,0.29281111202579213,-0.2878205107923785,0.2989268321573028,0.8569949843022288,0.00012962438511543743,0.1509808261436578,0.7578106806693222,0.008770058237178009,0.6958627951167858,0.017173796450197575,0.16158828855252497
0.5613799885539978,0.8541931369370988,0.6484860504954015,0.7761482754410673,0.6418282500777166,0.3581308844560103,-0.27794257805029265,0.03580216367728086,0.6700922222291543,0.12032926703805641,0.10860641516291566,0.7880511443989979,-0.6919609303928462,0.24484232952139462,-0.33511087763509545,0.25551770495930065,0.8309256063079907,0.0028812332675220054,0.13824810014243516,0.707001681022161,0.007153400526892076,0.7094836983530252,0.2010759375614622,0.2041006174879866
0.28153077800596654,0.4554874419012309,0.7803875851052609,0.6118308052970816,-0.38607199134785775,0.020256738864935175,-0.2392650217098911,0.0920867930096283,0.7408642837422691,0.20794334544038717,-0.03911676797552606,0.7720023616723979,0.22725967713384107,0.39996122695027786,0.09897165358013027,0.25394365378910866,0.9511502462396992,9.998913651031172e-05,0.05553060679307309,0.49835896779594585,0.6642032689612019,0.6008942649970601,0.020261212416854024,0.1691810652854598
0.35067907606474813,0.9029420072925068,0.8588414813378638,0.6464762879702799,0.4280555868560083,0.26448138715409264,-0.3006082449319369,0.08547668975424177,0.8663703957180542,0.2217069574081736,0.48855208464573563,0.7881536321296014,-0.24204325446842068,0.052802114826813705,-0.029165074218166942,0.22815762285752464,0.9855174105075043,0.00018007458819137577,0.011374870043134169,0.5754506874817912,0.0032258700878739343,0.6710111544031749,0.011661703547418481,0.12476134635056765
-0.22290652223703708,0.024940481594520836,0.9980085848354875,0.3580962864137106,0.9469262978023782,0.0010783280272620502,-0.33920371927849774,0.004724900421700158,0.6499766915192824,0.12484378333588468,-0.061212429146583536,0.7856138451122735,-0.5541899095278635,0.4751065890058626,-0.24259692666547794,0.31097309871987183,0.7750344987664634,0.0004892092282346925,0.13824649215099066,0.27614929716038916,0.007462790908567243,0.6438305360702431,0.020249994136005766,0.13881894184954646
0.13593410225183591,0.5744915692135749,0.9509805759723464,0.7729278100321981,-0.673389359081857,0.02298471956437617,-0.5161679301392696,0.12070691783635498,0.9059824757066257,0.206027042001048,-0.040674047721158534,0.7707059891306228,-0.1004986611349235,0.17143662526575787,-0.16474596493837176,0.32954737380305615,0.8739819917022749,0.0010366051974891857,0.08318791542919055,0.6969040755828401,0.014388272777614453,0.6859768198932469,0.011334098076887136,0.19953048216242733
0.27153684359079294,0.38580405099992887,0.6909675801513626,0.7841366393172573,0.7547148109562489,0.07452797140763928,-0.09828051377390673,0.06457477487622988,0.7565953497136321,0.20618288098843393,0.07759296702997964,0.7585472189756473,0.563002055403393,0.2701341345962051,-0.932990375509215,0.4352940307631189,0.8729281399219451,0.0028523035141535128,0.7746946095055668,0.6549943905299841,0.1563098140914022,0.5465668227210467,0.05785413803573386,0.11540907872748427
