0.7875270312086721,0.04309360788818001,0.239231684969585,0.2121463591713737,0.48968567372755567,0.0338967758662428,-0.3997304884725701,0.8696144838025212,0.811766492013847,0.20745742300537895,0.4333528583780152,0.7878281788615343,0.552681638579348,0.9592708446208278,0.8477708246297212,0.6848767122703902,0.0029090843683687913,0.7158621263045178,0.002923651514409591,0.27899014840487896,0.0030990772997263744,0.7076380726424295,0.9883690813120152,0.07217515492069697
-0.38572734541234216,0.0007746576689964049,0.32385880311689064,0.04565541380360735,0.2875186209774686,0.036637526798174336,-0.5559752861276193,0.7719227952331372,0.7821153757624444,0.20849769151528297,0.6162019785661765,0.8016332298584622,0.506546042401833,0.9828537193803677,0.8499484054547813,0.3844260372064355,0.003640213247944488,0.7152419156434107,0.0029836232484570665,0.24813405702729419,0.003402280413250388,0.9995344013372918,0.801089281921279,0.04153744606231532
0.9961711189646896,0.0063072441328621,0.33093047354752386,0.515184337196535,0.4857151108354802,0.04828473880505235,-0.5415049673835598,0.8825978417217408,0.8077173371667122,0.12314250889637166,0.8335991321333401,0.7993182119628843,0.5048014003492702,0.9395181383151815,0.8074369073896863,0.5339008216896799,0.0005542833307093704,0.6489980696644883,0.0006929893868545963,0.3223958468619487,0.0001637606267001746,0.9858489428167114,0.9825658606743641,0.03842455267687245
-0.1565609431550068,0.04316406727592951,0.33275405348022324,0.20843946476257608,0.4857151108354802,0.04828473880505235,-0.5415049673835598,0.8825978417217408,0.8176328767226666,0.12314250889637166,0.8426184455905611,0.7993182119628843,0.5119035247850414,0.9394324656469388,0.8495405866183597,0.5339008216896799,0.0005475825939672028,0.6489980696644883,0.0006929893868545963,0.3223958468619487,0.00014335268075885924,0.9858489428167114,0.9825658606743641,0.03842455267687245
-0.41309331538424565,0.1214561156583777,0.03457391526037107,0.2223160376145854,0.5599525087486957,0.038885735946938164,-0.6396405645135412,0.8405946632945771,0.8389574221902071,0.21866597386159958,0.9766374758395082,0.7912032709683982,0.6613504889042057,0.9966482039331741,0.8520876109229549,0.6019956338231428,0.0004384273151822275,0.7136183693566891,0.0004001394537212796,0.3850494203470173,0.002805228193507994,0.8652175924656663,0.8518651361242632,0.1459875026021471
-0.604951255393986,0.01052497253195785,0.41367533999555917,0.20738542289393347,0.5351755050776311,0.05533526311302456,-0.46541937429367836,0.7967971341047098,0.8794232221842835,0.11982840263956782,0.6765028625372285,0.800860055500367,0.5513552709525357,0.9854632741728105,0.8731946901078613,0.5189979938025289,0.00010656055555776429,0.6737927073419836,0.004052047342578931,0.2777011249378849,0.0016596429387337715,0.9091435364653676,0.866796308021918,0.045482381018600616
-0.17076149846437694,0.07026114961466397,0.34007771705324,0.24841469662155105,0.4681043121169012,0.035392835157665864,-0.5674049083723025,0.777538910295575,0.7548205846039986,0.05137664495240796,0.978660040594338,0.785237255090767,0.8193253495391721,0.994352861062491,0.8726463533731236,0.5398408945228618,0.004169233913990521,0.6544345783005084,0.0002070247695534727,0.10003837579990206,6.294415365542066e-05,0.9516462052289102,0.9570242035064475,0.054907561888074295
-0.605095334208851,0.06744490915621966,0.42157577246781164,0.21343519946948772,0.4603686791944858,0.09392776679358683,-0.6309166964483574,0.8589018165700514,0.8293816088719893,0.14282791746172488,0.8636958017469657,0.8165678124504081,0.490524370149591,0.9994539766456905,0.8946275261335358,0.5297693536195303,0.00024511247652774415,0.7150417767671233,0.00032466438566847416,0.9829734320111327,8.622392978378064e-05,0.9988829373287688,0.9942556781875859,0.03873858717678608
-0.23767211097635632,0.006017774543384986,0.41625347897467835,0.2578874153648949,0.5038135326307674,0.06513943499300738,-0.5820566093182007,0.8650103259687422,0.8738376699154807,0.12870761691044819,0.9190354133861535,0.8518448753950877,0.5542983439552147,0.998074174220837,0.894965550899631,0.5652795739439005,0.0006464816286515123,0.6991895805346577,0.0014157857831169447,0.3883436390643011,0.003179750851424139,0.9389743271741305,0.9797920682970667,0.044708546081299726
-0.5883504299842406,0.006821168180135083,0.34701268177090855,0.2587607813687878,0.4889699658014851,0.04272868793366192,-0.5823529685812635,0.866767836400925,0.8077775825681098,0.12870761691044819,0.9190354133861535,0.8518448753950877,0.6530461805901758,0.9982871893023592,0.894965550899631,0.5314507225652418,0.00458253481503724,0.6991895805346577,0.0007700841725205403,0.3883436390643011,0.0006121556088590312,0.9522367447657207,0.7981326227190646,0.04240018954818384
-0.5714261002308458,0.06884167626827963,0.2428285283843194,0.28157662018168256,0.48100795714979344,0.1753314271290315,-0.418272883309336,0.7964580807019175,0.848057829193003,0.1275999948690072,0.9812365975980817,0.8081977778298033,0.5345591937422697,0.9910564882294726,0.8994676958953344,0.7596843916990423,0.0006673814506725742,0.6731586242652161,0.0013489034518373944,0.34362888388589186,0.0028459193758871705,0.9370509738339967,0.9919263788396668,0.0257792991701632
-0.5387846361984857,0.007909613433637441,0.3170185366887334,0.024466467160369806,0.49194658058473795,0.058524411362925834,-0.4356535028595221,0.8261200142860222,0.8255449176529723,0.11798216433471688,0.9588996549497011,0.7967886739902833,0.48275809167980444,0.9991099024970352,0.8637299347141303,0.4759379186673068,0.0006386219238887446,0.7429011901897433,0.00020787512075412225,0.30244351090102506,0.020534959631135892,0.9419173839532528,0.8407545955673044,0.03864225749908228
-0.35891317637049974,0.039335022693695015,0.3025593413621574,0.11396205588924596,0.4879783676571602,0.0614532860174809,-0.5322053567156665,0.7005180811082711,0.7543592207870558,0.19905682081548176,0.9421947694990006,0.8510449308332172,0.5552859861513286,0.9960772420001694,0.8719357216808065,0.36887386038737946,0.00017856198247019316,0.7546247510372364,0.00016516908137199823,0.2393874278803945,0.0009780820584119262,0.981664195624141,0.8350055045645175,0.05456298963783674
-0.33314495699244506,0.15328499436332052,0.3392262075199219,0.21172600874615166,0.39194101444476764,0.07658752555350404,-0.7088107453522271,0.9640718722636092,0.7853027508229334,0.14184284054147925,0.9387653248290029,0.8038247533778432,0.4884447501418175,0.9978094965825803,0.8708898411378418,0.553697385472845,0.019336877454866903,0.5316912143974646,0.0005122065856948024,0.23501377748045704,0.00013656248488076207,0.813242345193715,0.8432572999561517,0.026490089325071273
-0.24560162181551826,0.24993012645846496,0.3189655527359333,0.22149113314970498,0.4889699658014851,0.04221394284506613,-0.5813857496368842,0.866767836400925,0.8071979717064702,0.12904415475995432,0.9190354133861535,0.9396735872043116,0.5631920301980117,0.9238210961155503,0.898961098374913,0.5255759648016993,7.309511580533626e-07,0.6228769924339009,0.0007700841725205403,0.29553744526871195,0.0008820059452183441,0.9887927151337449,0.8815258758567098,0.041663593765866216
-0.6132677972436182,0.04363504655361075,0.009002660920190197,0.19862799465436648,0.5310434561209647,0.0974623822323863,-0.38770836554656135,0.7787499601511071,0.7969844674700615,0.0702282551765056,0.9532777449283101,0.7818184179428326,0.5910347299172066,0.991077605228292,0.8868620739410733,0.7758782542051663,0.0051383427778853,0.5749644924829697,0.0008044555660711563,0.24809701726245587,0.0011574798036760698,0.9213170713991002,0.9865619316710167,0.040316586876565516
-0.643818465209547,0.12104690487296321,0.2869976777533477,0.22373365963690067,0.3328948301713899,0.08657733955869806,-0.5367068206692228,0.9031600853329462,0.7922171568257935,0.15644078377598788,0.8430591734062585,0.8226480831675842,0.5918311671446214,0.9952827097260711,0.86925057477226,0.5747856769770857,1.008068275138717e-05,0.6475544930362869,9.076069573095167e-05,0.3904189118516076,3.634825788685191e-05,0.9522178275719917,0.8590261255145246,0.025566317142732324
-0.643818465209547,0.7089624224549693,0.3689536376978963,0.2107531197173398,0.3328048454647885,0.08884478935595475,-0.5368449543782268,0.8900890128989564,0.7840947034935246,0.1562914236553452,0.8430591734062585,0.777997190832683,0.5593948599286073,0.9952827097260711,0.8696640760303972,0.4179952523897999,1.0096275884239629e-05,0.6467263484563536,0.00010291832399014213,0.27918858846557226,7.646411686937664e-05,0.9152357435559728,0.8589785636313599,0.024303500438083436
-0.3686060905174128,0.7158202435698113,0.20270872804527412,0.2231370578595863,0.33196159648900736,0.09621759022730285,-0.49744205273260644,0.8994354127882294,0.7922729246819278,0.15529209188312162,0.8430591734062585,0.777948409151906,0.5593948599286073,0.9966305627631471,0.8941206012633317,0.5742425903815603,1.0096275884239629e-05,0.6475544930362869,0.00010291832399014213,0.2744382012287622,3.0615384464657705e-05,0.9150536004967145,0.9730857129985097,0.024262169275363923
-0.6124699241637444,0.04363504655361075,0.3485780813705609,0.19862799465436648,0.5307782769627183,0.14783057115968723,-0.38879185339705746,0.7787499601511071,0.7969844674700615,0.06677242538680135,0.980026734353915,0.8226846114761256,0.5881347599570453,0.9961820583463733,0.8868620739410733,0.7656508590504518,0.004450283259813719,0.5749644924829697,0.0008044555660711563,0.24809701726245587,0.0026042042497170046,0.9213170713991002,0.793951522701762,0.03931188626970261
0.10675869251590353,0.1394686420269473,0.350103543530531,0.2877930952453102,0.3906061271987951,0.06706876995098474,-0.6253634142508127,0.9228063493872908,0.804844573182198,0.14623434062275203,0.7019528471446321,0.7882383517044624,0.6557428151840491,0.9984376366323101,0.8555748586579714,0.48821023574983813,0.0002442329050213152,0.7011969278064308,0.001666051185420032,0.2630424484298616,0.000891841463913825,0.9212808470751477,0.8672550474212325,0.03545593000438782
-0.6290530877940408,0.08238445118228462,0.3457494116268608,0.22753478269689653,0.5107743738065235,0.12488492771660292,-0.5331141968599293,0.9232229714987077,0.8913234866384633,0.13086335623109846,0.8978597852463113,0.7856138180142656,0.5146254276742154,0.9964073983252867,0.8896317717159901,0.4235547043740373,0.001214863582368874,0.8132071770886615,0.0005483303379018442,0.34196584775972877,0.0013164970362891644,0.9986331456203574,0.9494121904912742,0.03286956947068789
-0.6429859908622205,0.0766654894066545,0.4150243611660309,0.21066573219160456,0.4962705290743493,0.1394593742689193,-0.6255971403528108,0.9232036691812215,0.8913439243288196,0.11767290738687433,0.6532299647845523,0.7889841478246148,0.5478282218008718,0.9383809201980808,0.8853719829865074,0.4865884809846781,0.0035632424223556633,0.674084689668083,0.000371536738788613,0.3254005679302544,4.431489059943833e-05,0.9371723170581129,0.8007817614508224,0.04093615028567615
-0.3220188709773994,0.0014946543348073882,0.4138962811808233,0.22246521328953822,0.3687824836417344,0.10890216125187363,-0.583451942598563,0.9053492928927209,0.8542126735763584,0.1605456531795617,0.6498760720145582,0.7580718495744945,0.5052844627818918,0.9909791515012201,0.8732065221631267,0.567532858635049,0.0004053655485381311,0.5607298601394874,0.0006163784853776483,0.26363272294302087,4.0404791627681824e-05,0.9362180873471634,0.9209922492905631,0.024424372454122482
-0.6423230506857633,0.04260374080982417,0.2323136472035388,0.2296093563035191,0.4954464197305661,0.124872024293761,-0.603633731294511,0.8442579002461202,0.7911836471040457,0.05970936805504992,0.9080227635657546,0.8280604578328707,0.7317237587268575,0.9910598764194207,0.847902208553141,0.5343872384736343,8.758463257590356e-06,0.656369262554763,0.0003255691643241163,0.219227518233776,0.0011056658220998969,0.9203904325410895,0.9519560964864662,0.052661268573576905
-0.6304312440631592,0.014626917647603242,0.2421987056707831,0.22770441866471539,0.5157689649490269,0.12490861533009864,-0.5359454076973842,0.9233415629232035,0.8913234866384633,0.13816416908608772,0.9431627300136562,0.8325596478684676,0.5146254276742154,0.9985181425255983,0.8709157245235816,0.5542669921133105,0.0001238545996162654,0.8132071770886615,0.0005483303379018442,0.3417289991562486,1.2280252094297624e-05,0.9167464302283078,0.9488817805619706,0.03242711990744621
-0.5506983574940273,0.17185608529874455,0.6546018261802354,0.27472030240571266,0.5302379491131552,0.12634453235742635,-0.5399373593228015,0.8410706894612854,0.8214851804661103,0.07743355155270629,0.9465390874033403,0.7540794808916469,0.6510553177221743,0.9997937961828155,0.89464940392038,0.6730301544895381,0.0028659832317150112,0.7534737827630552,0.0006944142349401483,0.38883147085938286,0.0008644445859331717,0.9892742660981857,0.9847430689489411,0.042501242996366206
-0.5137218960564155,0.04409876226006128,0.23392861457778094,0.22740708392621278,0.5107743738065235,0.12488492771660292,-0.5064220719548288,0.9227027278059505,0.8913234866384633,0.13086335623109846,0.6929455519688922,0.7920798737145162,0.5611650520141982,0.9910473775647191,0.8896317717159901,0.5663760804749155,0.0009268665494423054,0.6923619614285874,0.001406523322245647,0.26326279658338175,0.0013164970362891644,0.9998831136416286,0.9650476804744867,0.035230442517789645
-0.09949202759797832,0.06906359050713673,0.046918637417603284,0.1837058668559844,0.5229444935267397,0.0622089445880652,-0.5668958914852125,0.822114821822253,0.7748180582756187,0.047436767961606376,0.6291476721059175,0.7774301618301648,0.5638475999710273,0.9966351958928328,0.8723940437578634,0.6527831084555988,0.004128383761208225,0.6697486383888811,0.0011101056835928066,0.01651595689637242,0.0016652606015103602,0.9590150811974064,0.9664878227874781,0.05437171311153301
-0.28197465935593413,0.01307319698356764,0.15129407614424367,0.22460569050773876,0.3328554675934984,0.08964529729774902,-0.6161252242861841,0.8822679894364274,0.7651673630961381,0.16922461051062754,0.6323341217548113,0.787555221312951,0.5542844190674675,0.9949896064142794,0.8689221638592671,0.5486283866836473,1.0052212726855006e-06,0.6234057228773684,0.00010289056539486076,0.2915313603510284,0.00018382588670391237,0.9152357435559728,0.865308060114778,0.024296908892822742
-0.3407959797155766,0.08696954732993459,0.4311068535803717,0.20064491614683086,0.5338353417759634,0.09721693567658242,-0.5312466391817982,0.9003450048852384,0.7510941306192328,0.04694785395904347,0.9427022719352013,0.8071579310593716,0.6492002176747325,0.9991856164380577,0.844784100200065,0.6280792854084775,0.00015457940280643123,0.7896471778778658,0.0018823149787331576,0.2537398201524059,0.0003583933192465963,0.9115631446760755,0.9661000488308482,0.041763749417803274
-0.5749894411711074,0.12795272618192838,0.3218739728285542,0.2169083956597588,0.5371626859994789,0.12424748921566736,-0.5682151715882026,0.8530519873703825,0.7889821579129083,0.05895562719744511,0.9748165105314976,0.9925899992299888,0.7083218918893528,0.9535576158894952,0.8850992652607934,0.478494562588208,0.00022201784689360188,0.5351265477904666,0.000768857994578119,0.29402722584717605,0.00013065119977806217,0.9139305179436097,0.9669152893012771,0.03938217967011378
-0.44593117098070795,0.0673311751846359,0.3392505502828194,0.22014180466386282,0.4939452499652573,0.14013219088851847,-0.5442586297369306,0.924581428553313,0.8160216208413922,0.08810707217999303,0.9256922023793442,0.81708052992867,0.5906017843808541,0.9994011659961157,0.8679047260732713,0.5907099622713884,0.001931110939027229,0.7179913337618634,0.00021735262070298586,0.27981202857681453,0.0007361022932193915,0.9747966524810615,0.8107965017886367,0.029097571303260964
-0.5936271047249164,0.15286162856934588,0.3483993658016873,0.25184829981219803,0.33692358439804654,0.08227103722883292,-0.5375806462841682,0.9967784554099606,0.7833254996760027,0.1577508012304419,0.9633013159021278,0.7757721488242899,0.5384885865878452,0.9950328423925464,0.8795945013607315,0.5946203454694862,0.036606072496601104,0.7113533734156364,0.000515850276448426,0.28486456734300447,0.00021785217529960246,0.9643703683037915,0.8598694938861293,0.024606378895497674
-0.5559204373184066,0.17181030697522115,0.6546018261802354,0.2770048887937249,0.5302379491131552,0.15958636963583525,-0.5399373593228015,0.8673315407850364,0.8214851804661103,0.08101902605827985,0.9465390874033403,0.756649376130971,0.6510553177221743,0.9997951351994007,0.89464940392038,0.6730301544895381,0.0028659832317150112,0.7976294574041164,0.0005765935116741396,0.38883147085938286,0.001020671160322693,0.9892742660981857,0.9847430689489411,0.042501242996366206
-0.2851332063408034,0.0905299682174649,0.32429683653725466,0.19249895861825908,0.3891086752000252,0.10908332788656777,-0.6263982817755366,0.904740319708317,0.8042386654296948,0.14737644292717453,0.9014768918541634,0.8259480421059701,0.5477787218208318,0.9976141386971863,0.8796735081300047,0.5280831526610341,0.0026178050916920636,0.5686801014011778,0.00017129194457259512,0.3422436029194917,0.0018010029480093784,0.9416461371675028,0.8636938107641892,0.02493208994682606
-0.6423230506857633,0.011814673312601264,0.2300838904244069,0.23375495461505094,0.49533509830385236,0.12658516336875722,-0.6046781850687123,0.8454240967108465,0.7912327041146962,0.06185811213146406,0.9080227635657546,0.8280604578328707,0.7549161679189245,0.9910598764194207,0.829311294153675,0.5402600448407178,1.6353953047020192e-05,0.6474731669972458,0.0015852376498500867,0.2125352404757867,0.0011056658220998969,0.9202333806085394,0.8540267002885833,0.05284557150904731
-0.49590061305070193,0.07923316283443627,0.41414205734833937,0.24763835714995763,0.48569597228792116,0.14634767263587783,-0.5043622502937455,0.9375677778915559,0.7928402594159988,0.06815308598787843,0.9850510562631528,0.723052637190804,0.5846508752093781,0.9974687059872219,0.8981512935515955,0.611027109946484,5.332555375650734e-06,0.5344321625927715,0.00024705603339783566,0.25639769240650157,0.0011062639723343223,0.9342130840809917,0.8513935309971975,0.021717282168965516
-0.11513969673524264,0.007536065774187637,0.3979213876765196,0.10400267148012439,0.3704477845437255,0.035845105417549844,-0.5306865561827574,0.8393685895318578,0.7477264136838662,0.1751114621448561,0.8093766104547139,0.7933676863055369,0.5091905935026847,0.9990310104196224,0.870322997827955,0.5681676678833365,0.0001227965553255286,0.6199349196190652,2.8034883166289852e-05,0.2734064970170815,0.00037285874813450096,0.9642615354884555,0.8686843246296377,0.021728232935779187
-0.3865721080826956,0.0049211806278909405,0.33185608677016976,0.2609694182570113,0.5090612828805791,0.13306577406731493,-0.5407611438159784,0.9003816488669161,0.7546874980057253,0.05665855028680668,0.8472045525518347,0.8227619995991137,0.6819635586083579,0.9962873027776247,0.8890006092736278,0.6107043631117709,0.0005292918624931238,0.795608635799582,0.0004666105906163126,0.24777078796277674,0.00045012763229208055,0.935400396376307,0.8322812062904285,0.040303440940481584
-0.5816060035526041,0.022373233440703008,0.41846847487287475,0.2189202253276642,0.5257187763541685,0.06601510657878056,-0.5349272144383567,0.7268713622895301,0.7549504849553506,0.049363834728999925,0.8476522060602544,0.8637260197536812,0.5931997858159023,0.9984334358449236,0.8721457747156871,0.7635293288465784,2.473210666430252e-06,0.638727602868856,0.00018214489348069101,0.21894919087210662,0.0002330294117118192,0.9133645971481289,0.6457543751334337,0.0548980523894196
-0.20480035433714416,0.007229178219722101,0.20194644176302073,0.086485525048574,0.5369316456712906,0.19694163365407447,-0.580916914138716,0.9462275363349878,0.7705698454706171,0.05408357750202842,0.5659020685221764,0.9259216225198335,0.6808095054694188,0.9986071123262219,0.8965536187726519,0.6731874211447012,0.00011978479688896438,0.6699271499248425,0.00013256482925438939,0.3374017105953932,0.0003124471595305318,0.9791457107272451,0.7977925994803666,0.03251596917133647
-0.21073163278700674,0.08660958259331519,0.3218882976991622,0.2958204525553821,0.5353086880128701,0.0956659718890512,-0.5347504623190314,0.889418070958386,0.7869671862802263,0.0751179282816977,0.9691071075320024,0.8643495806769412,0.6333541043698654,0.9991856164380577,0.9582447969480492,0.6704615313325071,0.0002537861464969537,0.6808749956276732,0.0016175852744951455,0.23246278714740604,0.0026200344646441567,0.9085119409695886,0.9705742326927195,0.041763749417803274
-0.15468780195851878,0.008630248025960852,0.13861170384777238,0.22104744696565504,0.488984411542217,0.06352857560328892,-0.5587074500657124,0.9085041396683466,0.8425437384404681,0.12870789012243217,0.9529947253996579,0.8638920391245796,0.5582521300711359,0.9953673646884774,0.8139236903493549,0.5238843931646775,0.002552247178446645,0.6481584186576516,0.0017607825512273548,0.2661820292079867,0.0009052674370086918,0.9782314028099819,0.812302945977979,0.03998052037041132
-0.14794982127354622,0.06925710223647924,0.1777974430114833,0.13526225360641586,0.48619944365350487,0.08782298449550738,-0.5600535496783021,0.8856090148697275,0.8412684681165271,0.11982618348491299,0.8900028475512757,0.8312355210783411,0.5583675298874308,0.9911944317231315,0.8674118923351638,0.5210015238110243,0.000263847863047124,0.6943961540392392,0.0005277285259097838,0.34910069971660923,0.0004143834743727564,0.9314638836513195,0.8143367098920936,0.03884054101247456
-0.2753572909686015,0.11770461650671137,0.4928311038660427,0.23450519855192012,0.516096247578579,0.03582112110187133,-0.5325968868941348,0.9107860342745777,0.7732068449848502,0.180942544844459,0.9706612386962966,0.8171945451865453,0.49967053091024694,0.998693267842635,0.872092685930365,0.5582164009954962,6.113069371491743e-06,0.5831572114999087,0.00020678551696824257,0.2962700839761232,9.330341999383126e-06,0.9321087908140196,0.8090072407559505,0.03497336426316124
-0.4855850130643568,0.21763089048061618,0.31764881183757815,0.25542210127518405,0.39799719329161204,0.13026780424479134,-0.6527690254338808,0.8378188478376276,0.8307772556404058,0.14269484442372207,0.946622011871846,0.8598610337860887,0.5762550253521787,0.9977252994840415,0.8713797447343119,0.5611158084015516,0.000588495958455053,0.8086799017883165,0.0007397270026332291,0.9018567447815439,0.0011235754231694126,0.979062877591888,0.9799577515677236,0.03774864498052126
-0.5602216527230501,0.17181030697522115,0.6546018261802354,0.2770048887937249,0.5302379491131552,0.15958636963583525,-0.5399373593228015,0.8863219491175847,0.8214851804661103,0.08101902605827985,0.9465275833274372,0.755808298826077,0.6746617837743458,0.9997951351994007,0.89464940392038,0.6730301544895381,0.0028659832317150112,0.7976294574041164,0.0012652719914061613,0.3927920887455312,0.00035236492857795105,0.9956824930419395,0.9847430689489411,0.042501242996366206
-0.10815823420318432,0.008044253161171964,0.3428973508644722,0.2789383708757183,0.33351897674226416,0.034619221766312235,-0.3604709616346121,0.8389606552481175,0.7553912118584284,0.17539344697732762,0.8328881569463882,0.7816721943231095,0.5167723571362784,0.999410674883749,0.870322997827955,0.44541143884715223,0.00012150445077699167,0.6199349196190652,2.9186166226972347e-05,0.27136497084610944,0.00022103758779192211,0.9203199929153928,0.8686843246296377,0.021728232935779187
-0.21017028846418592,0.12188635706382589,0.37747125332057563,0.04382225433588985,0.3272125484410104,0.08402466612723264,-0.5095254785755918,0.8968366658983902,0.7947678971402039,0.20543777790609918,0.8600215345627638,0.7796363073375402,0.5543792138149863,0.9965324398628287,0.8719373028163306,0.6705913969414946,0.00017043102678411352,0.6581676387668629,8.487927189662385e-05,0.24801629529845548,0.00022609726698912544,0.978443544352843,0.9971544227497666,0.02382263344758588
-0.6423230506857633,0.01410104217916354,0.2300838904244069,0.2309281173611019,0.4957409133540805,0.14040792572717867,-0.6046781850687123,0.8454240967108465,0.7912327041146962,0.06317326179381196,0.8439032532468141,0.8341787292969868,0.7549161679189245,0.9920988886967771,0.8286890502109132,0.6248902675596422,1.6353953047020192e-05,0.6402272593388729,0.0015852376498500867,0.2125352404757867,6.984329111643921e-05,0.9324287093366417,0.8540267002885833,0.05284557150904731
-0.2564122740663444,0.009947563768762612,0.32824986323797967,0.278421260313801,0.5366923891519191,0.14090733184291732,-0.5237650221152919,0.944152187997089,0.7703770315651759,0.052093820609284615,0.6929247931790359,0.9259216225198335,0.6000016347765806,0.951952815797733,0.8973728216713657,0.6380020273999907,1.8584858385349654e-06,0.7754480202639006,0.0005637119578762834,0.3285258916315121,1.0031484146124937e-05,0.9840210999129421,0.8686900653600033,0.03270247122340303
-0.2070725490610891,0.12765322782034377,0.3218739728285542,0.2595499827365239,0.538174806903146,0.13218614077883242,-0.49482585730775036,0.8534708584533511,0.7878924961688222,0.05999406021924424,0.9340499136034123,0.9741904805914388,0.5853127165671501,0.9995944902414008,0.8890195780258404,0.3924208206213068,0.0007977736216385133,0.7378965373807156,0.00024363748228117458,0.3418143111388052,0.0013216995462999545,0.934449713868007,0.9657024646869778,0.03995729786021434
-0.6408115751878506,0.009004365868125882,0.12380909833134146,0.19294467088949485,0.39878751378413957,0.10985045190985045,-0.3574655178733696,0.8168448629068855,0.7972800729723539,0.14060474104511708,0.6849465928683149,0.7804509865662547,0.5042061324961438,0.9939432282363583,0.8716907006578557,0.5782621629790159,6.7924998613785e-05,0.7363523653585671,2.4223381975173688e-05,0.27964455456341064,7.820008132301652e-06,0.9776480907009284,0.7932145974774056,0.02474708150750842
-0.2564122740663444,0.009947563768762612,0.415348305823407,0.278421260313801,0.5366923891519191,0.14090733184291732,-0.5237650221152919,0.944152187997089,0.7703770315651759,0.052093820609284615,0.56695072158972,0.9259216225198335,0.6000016347765806,0.997731585681861,0.8973728216713657,0.6380020273999907,1.2161221027568682e-05,0.7754480202639006,0.00056335243734337,0.3285258916315121,1.0031484146124937e-05,0.9840210999129421,0.7977925994803666,0.03270247122340303
-0.4514211178767751,0.08661946674667872,0.4819537909542949,0.38648869167330546,0.5127682429167518,0.1634153520331555,-0.5442586297369306,0.924581428553313,0.7499622327552906,0.04906179653443109,0.94573563372083,0.7900902199298526,0.5606090931264638,0.998677195540638,0.8746495448799009,0.69543809459201,8.566428562230044e-05,0.715579139676265,0.00016167437785911086,0.31708569127671593,0.0008565555158781525,0.9919112698911465,0.9979535397352499,0.02916265304736492
-0.6407397796977661,0.05536896678633484,0.2057482551201385,0.22426590895754378,0.3422657088776848,0.10052949217039599,-0.43267792461001503,0.8522000425508933,0.7906776708989348,0.15452348848606173,0.5873767149160776,0.5481807563649613,0.5578098018763278,0.9953183198530663,0.8695109345819413,0.5754972491895273,0.00017812804412287717,0.6429074605458851,0.0004401759290686936,0.27221074294244246,1.82399926257734e-05,0.9997744517866821,0.8030944414042277,0.024758993021816465
-0.1332708613303646,0.0014581204010812223,0.34828620148950207,0.27824097121614094,0.496698231897498,0.10985111204719865,-0.5707684405732776,0.7475049250510922,0.7660565875617259,0.05133722291767733,0.8779362538431819,0.9882427177739435,0.6674985234031416,0.9908050852029593,0.8718959738738301,0.6309777353345685,5.857685376699706e-05,0.5826545146458305,0.0005791148511507674,0.26125939918001717,6.144697638485054e-07,0.8196919861799152,0.7066183258013181,0.050641590020245084
-0.345430385549227,0.0441071818473585,0.336698931313119,0.2146615641264821,0.47620511242427277,0.11558331986846387,-0.5338755259131882,0.9240210267850097,0.902203564888079,0.15500017200634533,0.8324598325153878,0.8211740661257622,0.44850327288747416,0.9989852279491167,0.8699697861342208,0.6097286052856545,0.00011749545692446843,0.5894471903931596,9.948755133540213e-05,0.30676015108531696,0.0004220192563529991,0.8963028789837515,0.8274519281928783,0.02350630504255486
-0.2929475024212992,0.010395264953348277,0.4972979273487745,0.23450519855192012,0.516096247578579,0.03611750822029368,-0.531707226735154,0.9107860342745777,0.7732068449848502,0.180942544844459,0.9706612386962966,0.8171945451865453,0.50400158795163,0.9987411281261034,0.872092685930365,0.8448597933702254,2.113095852296034e-05,0.6892516275077106,0.00020678551696824257,0.39291593879613806,9.330341999383126e-06,0.9321087908140196,0.8090072407559505,0.03497336426316124
-0.54274305128968,0.055851696624434545,0.36857727225176584,0.186083223398403,0.33988913909278795,0.08907583883975055,-0.4413412378738802,0.8265832759724138,0.7907519406067839,0.18449736547536352,0.9486561974388428,0.7680822320267428,0.5580716421061689,0.9982215180509665,0.8508115546737641,0.5774268866143247,0.00013651621418137486,0.6472762445234748,0.0004426057104351386,0.2363308362522124,0.00041587883813452153,0.9995854331879378,0.964853419221449,0.02316851294616523
-0.541562478174745,0.014510178168041933,0.3908952981532273,0.3383370455464919,0.5125990006191116,0.08384266149591234,-0.5651879891699311,0.9071295890856595,0.7690264435398158,0.05931656335660836,0.8488523336912164,0.8603117962083229,0.6435983802189171,0.9992318029779903,0.8787873440887428,0.6095250216156565,0.0003739698374354974,0.7445630761533782,0.00016192907352321876,0.32039258760447253,0.0005276051255098163,0.9357269380692044,0.9813026705879715,0.040303440940481584
-0.23494364717568755,0.050995785904427486,0.3201097264855608,0.12501796777273066,0.5369316456712906,0.19694163365407447,-0.5063006968991208,0.9465146201116568,0.7895434476324856,0.055469142798113914,0.9029976452076323,0.922034006828167,0.5426524164127773,0.9988107268936128,0.8908227827863774,0.6147054085927846,0.0007004593568308774,0.6711889428602559,0.0011029365367828717,0.3271687539562442,0.0013135362211922396,0.9786363773962755,0.9968033424716002,0.025851324761209667
-0.23494364717568755,0.050995785904427486,0.3905867143075844,0.2847687991517085,0.5369316456712906,0.19694163365407447,-0.5063006968991208,0.9211731714172512,0.7873306978876794,0.06673334934537148,0.9262703952855396,0.922034006828167,0.54378978361549,0.9988176120016852,0.8908227827863774,0.6737415614203415,0.0007004593568308774,0.6803714170006404,0.001684883273477196,0.3271687539562442,0.0013135362211922396,0.9786363773962755,0.9968033424716002,0.02677528817455098
-0.519836405878547,0.006123193321923938,0.6693388990322546,0.1757564923799233,0.5277285988761843,0.12177237696204865,-0.505665317810366,0.8998104456215997,0.9085585603412846,0.12779941815475723,0.9115240242168087,0.7935950503467152,0.5545222628699932,0.945411340451585,0.8700857106592182,0.641563957521181,0.00011889813528294602,0.7073855951466052,7.952065565850646e-05,0.2928599002828343,0.0006453447989003433,0.9997354696876296,0.9914984960678559,0.03546592716950011
-0.5353457187148035,0.00290073786717826,0.4230020977765028,0.21562763290832127,0.4856823889658605,0.09528436840708865,-0.5107364426996844,0.8551139069024263,0.8253765730239286,0.11907742435517318,0.9539124034441121,0.8077305624053499,0.4976019934816013,0.9970248929170723,0.8763313509007199,0.6262673517935179,0.00026049934565120604,0.6430141081313989,0.00013937764076265522,0.3486223652556098,0.0004343167266687557,0.9995556069875502,0.8330790892888507,0.0366557307429368
-0.5419319897436861,0.0005742631603688,0.37494236258071423,0.19105509489201056,0.4829644162013578,0.10955815688523605,-0.5889650914516413,0.8945668764938145,0.8295703731873225,0.11763730085437014,0.6849699154766347,0.8438564000403919,0.44371513283180464,0.9962735908982333,0.8790992689786201,0.5682283054693263,1.147377760685628e-05,0.7836169668490118,1.3588761438633519e-05,0.2802870894665864,8.588043419460864e-06,0.8092112268250022,0.8483021287056652,0.17935014303954763
-0.5239532576079345,0.004278968727786603,0.23064296865792183,0.2618933431383391,0.5159080402035054,0.13566039021305626,-0.5810270212314894,0.8550519109565509,0.893280018468367,0.1286408702852514,0.9255805921675504,0.77367034839359,0.5508156560201293,0.991522001074381,0.8883128876439892,0.6249968462743004,0.00012484395997487203,0.5762321690764947,0.00024210165697392426,0.5124552810743239,0.0005724547191854406,0.9670900183963079,0.8342071659882657,0.036141809419652435
-0.7053181851790195,0.0068858416016973345,0.1116971393562155,0.1290014102019535,0.5159080402035054,0.1364882657333268,-0.5810270212314894,0.8563831515410038,0.8788094287552871,0.1286408702852514,0.8749672813081347,0.7332769788641327,0.5015106153461446,0.998005370950315,0.8726942093106352,0.5844213329674448,5.972836955909664e-06,0.6458763654671714,4.437705495359073e-05,0.502681644283768,0.0005724547191854406,0.9670900183963079,0.972741666949227,0.03687319288547318
-0.12874894595840544,0.06492887781192813,0.4195655378797416,0.08935306924725953,0.5180870252220755,0.08936218617285549,-0.4864649068602648,0.8399116086644567,0.8214427861340854,0.08391606393620742,0.9322300261503472,0.772976013518326,0.5418511014741645,0.9897609824149204,0.8841603306375809,0.6437707634215729,2.2340783691354954e-05,0.7296396610578612,0.00046001325291704484,0.41103951734415034,0.0010086588957649802,0.9181404995103783,0.9764933977212845,0.038552354847208925
-0.20565151819449667,0.022804502535518856,0.36028825649552143,0.27813237366158783,0.5545323231107117,0.10991796891518944,-0.596422468987422,0.8404507789305135,0.7660558197837287,0.05167045874879987,0.9354412648129918,0.7988283934287994,0.6725935359991632,0.9993177068073519,0.9122467371033081,0.5924291170848098,5.1985820530005104e-06,0.8344493937193462,0.001592906727862645,0.3069016130180191,0.0008762617424241609,0.8700667122653313,0.9545924115109176,0.050311085679968254
-0.2962681235946758,0.12245283558137211,0.41001427538018265,0.36946451343151265,0.5074307565851612,0.14634767263587783,-0.43001848795574715,0.9209808214169829,0.7928840663729426,0.06930316791649811,0.9034672348632764,0.7238593378851291,0.667098974024789,0.9976222536746172,0.8786991964886586,0.5851006302459284,5.332555375650734e-06,0.5217477589991926,0.00023437926177673324,0.2080513816281154,0.00016095805837034697,0.9093654693960028,0.9633946038501636,0.02663059120753239
-0.2799560219228884,0.08675072903768868,0.21777497183403205,0.16500541235677552,0.5408083317491064,0.13218614077883242,-0.49148230093992873,0.8534708584533511,0.790261585480661,0.07194903927816045,0.9241093866126516,0.9863377378744409,0.6333059701218101,0.9999395498264942,0.8900657502873227,0.6594690029926803,0.0007977736216385133,0.7341907401523327,0.00014753959517877407,0.33988593313433935,0.00010062535159146744,0.934449713868007,0.9545014241859261,0.03950763003006468
-0.35284839093372855,0.033585861193009964,0.3453648584082344,0.14092160379081176,0.5233126394122989,0.06817130643602765,-0.5091177107302619,0.7363508870090452,0.7551536547572901,0.0461809386367301,0.668453617612546,0.6046691407516985,0.762326840166112,0.9984166275469991,0.8688008998702104,0.6439048155129776,0.00020322066831037752,0.5313234237257687,5.604948828052096e-05,0.24823826994957549,0.0001810558686881306,0.9177807220182594,0.8559221954995218,0.05297316300357357
-0.5424672455379536,0.014320425897977683,0.3908952981532273,0.3383370455464919,0.5125990006191116,0.10913105309810942,-0.6241875990905159,0.9070972098866937,0.7571494636019384,0.045679202572288476,0.8488523336912164,0.8514244927860387,0.6437509007017326,0.9992318029779903,0.8787873440887428,0.6081266455171617,0.0003739698374354974,0.7445630761533782,0.00016192907352321876,0.32039258760447253,0.0004458786947592878,0.9085176777163879,0.972605745149663,0.040303440940481584
-0.15830126797770744,0.0016500881790450922,0.3868606387685788,0.20954870594451525,0.5219479247755718,0.19202988548994207,-0.40012745576484854,0.8940118001963333,0.7499428602788192,0.04684174301461819,0.8496665650345119,0.7661199090929539,0.5005688710947481,0.9928197608470092,0.8488343730765137,0.6688997988502542,3.2363070219116425e-05,0.7120216781944385,5.219402738847311e-06,0.28037548612958435,1.662377949480584e-05,0.9148155780379453,0.9491079845229294,0.023416961702060965
-0.14794982127354622,0.08217852019601429,0.1012153949318968,0.13022496250357535,0.48619944365350487,0.08782298449550738,-0.5601399890879999,0.8874251223789165,0.8397749495102921,0.12007165398169087,0.8912580868806141,0.7811478071852337,0.5618863014096154,0.9902650800159242,0.887368509724954,0.5843250813063449,0.0007720220008236999,0.6512363828236609,0.0005277285259097838,0.34910069971660923,0.0004143834743727564,0.9715606005498441,0.656265809376837,0.03858163705364736
-0.2070725490610891,0.1301005478851361,0.18223443889393165,0.13975804395175057,0.5381739245645911,0.13218614077883242,-0.6743379825243512,0.8469260800279451,0.7602805013798436,0.05061684254747781,0.9987960564840388,0.974493632446333,0.6333059701218101,0.9995944902414008,0.8696867799126932,0.659477465222229,0.0007977736216385133,0.5673907099389736,3.514795594065416e-05,0.35993982800847796,9.801784740062541e-05,0.9172123306576161,0.8556292953369041,0.039779103652090135
-0.4377069676997151,0.17530564958936123,0.9997861898054184,0.3412697492612026,0.5146375235999145,0.09253623519485116,-0.47709993674319684,0.7667517094773215,0.7660565875617259,0.05621809339808405,0.9458562238245808,0.8275738767299875,0.6794885107643851,0.9983966334193615,0.8774217540460261,0.6312533560924427,9.95159320363232e-05,0.6529584649306901,0.0002920908516572941,0.2630225634881514,0.00012885067332494703,0.9404766140723562,0.9963501076077528,0.05203925050276448
-0.2070725490610891,0.12909604044761147,0.30886287304881765,0.3416128571133672,0.5381739245645911,0.13218614077883242,-0.49148230093992873,0.8469260800279451,0.7889776245173319,0.06623430455541993,0.9991828336297822,0.9953520980189682,0.6333059701218101,0.9995944902414008,0.8697581895676688,0.6596956355598348,0.0007977736216385133,0.7394508550214679,0.00011348243517390176,0.35993982800847796,0.0013216995462999545,0.934449713868007,0.9657024646869778,0.040082845550449796
-0.24133528482686134,0.00283430731139395,0.3453648584082344,0.14092160379081176,0.5115322671357658,0.0995525988077155,-0.5091177107302619,0.7363508870090452,0.7558164343747222,0.04319675970923118,0.9567728072544949,0.8808029963239717,0.6523725241445664,0.9984166275469991,0.8699461541266581,0.5947454638846883,0.00020185342964173665,0.6485248554324572,5.604948828052096e-05,0.23870500281893967,0.0013016679780487068,0.9177807220182594,0.9833016435329739,0.05334218701197508
-0.358203965304109,0.009279755360753011,0.3376779264625138,0.22014180466386282,0.4927350192710629,0.1310057793808063,-0.5442586297369306,0.9228786473528785,0.813903810346546,0.08542642402327806,0.926357598557102,0.8110878451356673,0.5066982842753383,0.9991616882004657,0.8703458273894701,0.624000130976401,0.012678504017298458,0.5794735116803433,0.00021735262070298586,0.35505039898174207,0.00022042073355851667,0.9720102011728903,0.8090577005678957,0.025592243452567085
-0.4502389867306338,0.02070285054970394,0.5532553500983962,0.10853141250262487,0.5323113739902721,0.19617241286384673,-0.5955980986096596,0.924322830318894,0.7542618202348367,0.17018858112415938,0.8393879716872537,0.8096784168719346,0.5040410913196679,0.9956406740585974,0.8745598644402455,0.552141982109021,0.0003256144625069493,0.5357259738144438,6.0386470907901704e-05,0.28227174804081223,0.00023464649878031024,0.9657388352740194,0.9312231331482563,0.03220132462440092
-0.21084470225852597,0.04478431500440609,0.4124105406555124,0.14047059992718747,0.5207009570095702,0.13710824756626652,-0.505665317810366,0.8937064294444234,0.9129707292255095,0.13350715918622047,0.9520782099030896,0.9265840982024253,0.5545222628699932,0.9950068258965747,0.8733628095622591,0.7645987462186324,0.009020442853091101,0.7410954816013366,0.0007905497517109801,0.3462142705762895,8.522898762853561e-05,0.9897648072776675,0.9967572254373032,0.035230442517789645
-0.24133528482686134,0.053902901195446086,0.3453648584082344,0.39420458141019626,0.5384049241905744,0.06817130643602765,-0.5091177107302619,0.774756834007952,0.7551247656202414,0.0461809386367301,0.854495307750817,0.9797191335532278,0.762326840166112,0.999713086839996,0.8699464959725869,0.6444663502130115,0.00020697721608377924,0.67335186232785,0.00011323553744539445,0.40879452784876996,0.003224023724223003,0.9588918837217463,0.9639734632533676,0.05334218701197508
-0.43737411579605007,0.1723332264757323,0.35870364977442737,0.1093054042110943,0.5219711035808295,0.07428719392089381,-0.5090385171841284,0.7244880942332352,0.7542396543284331,0.042753103090636034,0.7900165128786798,0.65490896227095,0.7635078444880669,0.9959829057183025,0.8687925379050873,0.6546471142521099,0.0004480512583795708,0.6506215310523401,0.0002821762453165184,0.3066677880560441,0.0003981477764620797,0.9610729808512425,0.7764672359165877,0.050227635590058405
-0.3638578354189329,0.033398607942909754,0.340791632889394,0.19486753483932895,0.5433116347815656,0.1654890955818448,-0.5834414764591671,0.8226101612516841,0.7875493884604353,0.06517447300262003,0.9579305445242122,0.8514924727478248,0.6723310890467041,0.999445641071618,0.8721756574717363,0.5909488949135355,0.00014503778425321162,0.7920503767221652,0.00013347880353329277,0.6131524733916413,0.00011325919232832308,0.9311700649070511,0.9649134580649575,0.04611731422532821
-0.358203965304109,0.009279755360753011,0.3376779264625138,0.22014180466386282,0.4927350192710629,0.1310057793808063,-0.5442586297369306,0.9430582589451793,0.813903810346546,0.08145322218165836,0.926357598557102,0.8110878451356673,0.5066982842753383,0.9991616882004657,0.8703458273894701,0.7083656441390228,0.012678504017298458,0.5794735116803433,0.00021735262070298586,0.35505039898174207,0.00022042073355851667,0.9720102011728903,0.8090577005678957,0.025592243452567085
-0.4377069676997151,0.11559389502482444,0.9911465036983639,0.3412697492612026,0.5146375235999145,0.09253623519485116,-0.47709993674319684,0.7667517094773215,0.7660565875617259,0.05621809339808405,0.894726677531674,0.8275738767299875,0.6794885107643851,0.9983966334193615,0.8768862201206935,0.6312533560924427,9.95159320363232e-05,0.6529584649306901,0.0002876705319223712,0.2630225634881514,0.00011341848227643746,0.9407747976690573,0.9955473644937357,0.047222286936926636
-0.20916065499741965,0.20362112622794254,0.4221934547358706,0.09714482157419663,0.5144512402719916,0.17088395107907847,-0.5342323211348208,0.7478117451758185,0.8170413497424095,0.06807354342207704,0.9693174708853441,0.7904397360244222,0.7624755916948929,0.9999333437810116,0.8906275281160291,0.8990146923205553,0.11637095704765281,0.6774623103378054,0.00012687346590004552,0.25792120543380576,0.0007758690269562643,0.9950740487153871,0.9899408399447202,0.05625538437417096
-0.1259876347201675,0.017097779183100476,0.9250651348183172,0.26002654197371344,0.5270386473616047,0.11282778632967248,-0.48415181586283496,0.8048511265530595,0.8234709495074015,0.08458889030988184,0.9465390874033403,0.8120158030692854,0.6794956640199565,0.999269187340706,0.8948051604808943,0.5787192560910754,0.0001786635881084501,0.5333963983741056,0.0002039448812121404,0.416027163856652,0.0009814150765765197,0.9130914884098417,0.8552913174100442,0.038536555669836964
-0.13602576048940146,0.05485760029851311,0.3461207053254528,0.12172941302845752,0.5111769436140321,0.10719232872090245,-0.5091177107302619,0.7363508870090452,0.7533978138237399,0.0461809386367301,0.8498546140810876,0.9870411186225747,0.7654039923669317,0.9965379542321532,0.8699464959725869,0.6442481798754057,0.0002033563110035136,0.5498104687780943,0.0016130692856452659,0.40879452784876996,0.009745815043039719,0.9178013587303115,0.8549619249127016,0.05334218701197508
-0.6493124062838971,0.1640781330980864,0.2306174238826617,0.3028746711806913,0.5206880687867707,0.13611347349283873,-0.48975927035995126,0.7433334555540246,0.7870924793788476,0.055717648932321,0.7550659172840698,0.6239661738812106,0.7623452690309532,0.9999888929277039,0.8916265038852865,0.6327837825655632,6.24259740144903e-05,0.5744363514054723,0.0001864590555359614,0.2575185104164448,0.0003090620445997732,0.8219283190595756,0.8063890394018266,0.049622216739540266
-0.7056957738724364,0.04074434933816644,0.3310455326497864,0.1857747316158202,0.5157658010855573,0.13505905036873742,-0.5403964920260685,0.920265884725976,0.9017353218160811,0.13545581802744877,0.8379898237547799,0.782046598254442,0.5370795659147686,0.9980842447034483,0.8511669583546599,0.6644600767305158,0.0002243252752396542,0.5676967414566451,0.0002820639667836055,0.33009636303756074,0.0011667961059942263,0.9222779188183085,0.9693765445270084,0.025700596242005668
-0.28508017153839854,0.001716309389339022,0.33594910021179103,0.1860221636836073,0.31450147523021094,0.06644544648538649,-0.6111100652507292,0.8835138595215155,0.7659600301120207,0.184409124644823,0.5800952930537694,0.7293182000014713,0.5078681338315607,0.9978904437342649,0.8709528714216158,0.614441781210769,1.417014473266648e-05,0.6454355665699151,1.0890376883107404e-06,0.23255111307236673,0.00013898300908821032,0.990201494723914,0.9285286199210363,0.02316851294616523
-0.3593522220227804,0.08278878284190955,0.41001427538018265,0.11813623818029326,0.48569597228792116,0.1463608373834681,-0.5027947023872944,0.9587959402999262,0.7949270387474177,0.07833369071159253,0.6656121935297322,0.7238593378851291,0.5422672847778869,0.9986125651166057,0.8764075228092091,0.5706692543477638,2.2078159048327617e-06,0.5800298269747499,0.00021732236979180982,0.262121525531121,0.00018186831404663192,0.9361729985381777,0.9449477532022178,0.024558636739497375
-0.6987265201421686,0.0005265969344020738,0.29655454415848936,0.3021153425063888,0.49087855797538876,0.14479917591518854,-0.35691441239685295,0.7486434933023062,0.7482348461528167,0.03967918467778678,0.7856228925621802,0.8076577958380461,0.6484441437313905,0.9587811409868601,0.8711387811776768,0.5835524205472801,0.0002762077883756847,0.6510569884548661,0.00016382004474133297,0.01337697574176347,0.00014582026165999666,0.9315107092324162,0.9431738347705281,0.048042443086538135
-0.23682040124671244,0.008633966748609891,0.36265103245428915,0.23096154834878432,0.5434566360454332,0.1341367485541651,-0.5348348387950248,0.7722816057093597,0.7660565875617259,0.05545506059023524,0.9025697208158213,0.8903751062858832,0.6840210348555333,0.9982721601421342,0.8903182851081787,0.670260792749423,0.00011960286210739831,0.792075746205641,0.0009225153879466881,0.6052614239331857,0.0006393915065115193,0.8274476373506423,0.9949310393710448,0.05207350029341441
-0.198951922103556,0.00585047885877539,0.34928681312648635,0.33824865572033236,0.5264992862204334,0.12492905677001412,-0.4924630277997808,0.8470238481406751,0.7889776245173319,0.06622220316985993,0.5274587159955579,0.9942594412603823,0.6480657932559325,0.9956543630228533,0.8696867799126932,0.6119319716122839,3.840780360654276e-05,0.6302879942685194,9.281521652809092e-05,0.2984952948180914,0.0013274638139117532,0.934449713868007,0.986292293902036,0.03981140874305897
-0.29020555284453575,0.06415204937651088,0.1446749763716168,0.2508219684269606,0.27496992855323865,0.07006143184089993,-0.5834671090512888,0.9104246180957148,0.7494860357474531,0.180030527171419,0.6973386226110939,0.8628447847697795,0.5570529334304586,0.9984029108744228,0.8718348761267627,0.6299048139723875,0.00013154633989481573,0.5565799984399007,0.0002984835406569191,0.24668541049437448,1.7374816926098288e-05,0.9971603628099908,0.8575595931371912,0.012997657885649735
-0.28069481508161,0.05088368989099968,0.319717442578726,0.1657608380989462,0.49691217964419176,0.11180744861983422,-0.4869660032519539,0.9564083983741473,0.7466506997018044,0.04007968183359311,0.760060104561052,0.809665511752135,0.6333059701218101,0.9994827377559646,0.8874471692112164,0.6546644692032024,0.0007447939590160984,0.6490487508580274,0.00013590328567909945,0.01952048242529633,7.539179937269476e-05,0.934449713868007,0.94318426336238,0.052887073774440636
-0.33964723070388947,0.013639131159712665,0.3614738149530316,0.1987547994413941,0.39824530543003495,0.10985045190985045,-0.3518882058259888,0.8187759969271823,0.8032266593057653,0.13906559138182065,0.6849465928683149,0.907724858823604,0.5007371347144076,0.995527420182734,0.8720657541817401,0.5865593446394716,0.0019505978856797371,0.7120998911320544,0.0001050632776216594,0.26183523742589676,0.00032144329041319266,0.9899909659913388,0.9553454863326052,0.02474708150750842
-0.44207438545855227,0.06653093449532707,0.37414544707460695,0.4544586534837574,0.5159384134524939,0.1378434196083867,-0.5375619225622364,0.8563831515410038,0.9045894722089537,0.1286408702852514,0.924456663834556,0.9183525599235517,0.5505421892921404,0.9994612449963644,0.8782823193191686,0.7816768126820652,5.402731903170629e-06,0.8071906387176726,8.352817106150549e-05,0.5084814646075778,0.0005752122400139701,0.9498528396128667,0.99575187976372,0.03609971271549744
-0.29899346065990257,0.006471602351181551,0.37282523660851286,0.40207980709092933,0.431563516768326,0.13103791592974243,-0.4334085616472789,0.8995008353904139,0.8299253462971061,0.13972971297802528,0.8243225877254805,0.8100969910320459,0.45844094109980904,0.8900387352005285,0.8917394692357474,0.5887803266992444,1.417045207676183e-05,0.7403542483226354,6.775965525113238e-05,0.2971385201065092,7.897132195278404e-05,0.9198443983363581,0.9065663988129101,0.021841573415951013
-0.15802418727993472,0.019001633538785923,0.32187402788178154,0.2773254379640512,0.535459657247466,0.1322427982896949,-0.49203112531369153,0.8334376172437525,0.8144948436745812,0.07538960183908242,0.9289211990292283,0.7673122126279308,0.6333059701218101,0.9997073841452436,0.8769829098624865,0.6615670064665796,0.0007426172673655265,0.7448924535775878,0.00012984830693146484,0.36864528299484134,0.00038204569793603505,0.8989734729649093,0.9293578730609856,0.04004354828339773
-0.49590061305070193,0.04672542328157508,0.4198604493365886,0.30586600570370814,0.5365428261121382,0.14634767263587783,-0.43001848795574715,0.8890895623139634,0.7917383016732144,0.06930316791649811,0.8922289521068524,0.7238593378851291,0.583894637266093,0.9983917428448126,0.8683585664422404,0.6113382985556939,5.332555375650734e-06,0.5309104294808302,0.00023437926177673324,0.23343598573625002,0.00016095805837034697,0.9093654693960028,0.8318820361227622,0.025696073484775227
-0.15911877201634397,0.0017084538806170623,0.34133979134532366,0.22127733503993804,0.4856823889658605,0.09480512545504644,-0.4446336628636963,0.8552329397080782,0.8250374060876221,0.12083648469432269,0.8476075012697938,0.7941260609549923,0.4976019934816013,0.9977826846051241,0.8239567918031026,0.6262673517935179,0.00033814489778809866,0.6040330001894763,9.691612613876768e-05,0.3579880437115346,0.0007357538023846331,0.897647689624116,0.829045802507709,0.026517380440495508
-0.6981731515752002,0.0008059675833639477,0.11670742523864623,0.1984928345498948,0.36723858964176725,0.12618920021951407,-0.35015181976354803,0.8173764217891,0.7978705204128527,0.144901244078739,0.6818138269967707,0.7788939710569136,0.5545378832019944,0.9979431780532562,0.8707120442063282,0.5900348295988749,0.002832879122522605,0.6845348554136509,0.00010215191429020917,0.25696535174784263,4.581420348821295e-06,0.9898191525535617,0.9240656966304712,0.02474708150750842
-0.5916679674014377,0.0293674122879352,0.33785623362142736,0.12917801430602893,0.5127370132754905,0.1970489277122427,-0.5531851873059709,0.9655757390244787,0.7522943332358601,0.05759858975897381,0.9397861497002105,0.9231074184233485,0.5511893017415538,0.9988107268936128,0.8907518714464768,0.6738613394391139,3.976211739508385e-05,0.7424968844228336,0.00012935534006744504,0.32019472525273557,0.0013135362211922396,0.9865060681208563,0.9752375532402121,0.025544925330495124
-0.11009526462961822,0.009848469852781053,0.334412318091272,0.21774502737928098,0.5119115922527454,0.12162646989777251,-0.5318249269916957,0.8160749360630153,0.7517453551910974,0.048752752764492036,0.9737888592155819,0.8391051623688001,0.7601343821421142,0.9723472845588452,0.8924404353270339,0.5841765588962178,0.0003587842260515118,0.705838285254042,0.00016783812542173378,0.33284366923505265,0.00022458540765961957,0.894752345356964,0.8505721860227997,0.048265550251974515
